,00K8004,00K8003,00K50010,00K3509,00K2006,00K16001,00K10006,00E8007,00E8006,00E8005,00E8004,00E6004,00E4005,00E40011,00E40010,00E3009,00E3008,00E3007,00E3006,00E2759,00E27510,00E17006,00E15007,00E15006,00E15005,00E11007,00E11006,00E11004,00SD1100,00K5009,00K50011,00K10001
0,F04916008001B,F04916017001A,F04916006001B,I05415065001A,I02717004001A,F02813002007A,I03306112010A,F04916023001A,F02917008003A,F02917002004A,F05115010003A,I05415162001A,F02917010004A,I02010025017A,F01620010001A,F05115007006A,I02917023002A,I00412013001A,F04916074001B,I04916034001A,F04916070001B,F04916019001A,F04916026002A,F05016004002A,F04916080001D,F02717006001A,F04916030002A,F03315003007A,F04016050001A,F04016062003A,F01906007016A,F04016101001A
1,,F04916015002A,,,,,,,,,,,,,F01620010001A,,,,F00418052001A,,,,,,,F02717006001A,,,,,,
2,,F04916015002A,,,,,,,,,,,,,F01620010001A,,,,F00418052001A,,,,,,,F02717006001A,,,,,,
3,,F04916015002A,,,,,,,,,,,,,F01620010001A,,,,F00418052001A,,,,,,,F02717006001A,,,,,,
4,,F04916015002A,,,,,,,,,,,,,F01620010001A,,,,F00418052001A,,,,,,,F02717006001A,,,,,,
5,,F04916015002A,,,,,,,,,,,,,F01620010001A,,,,F00418052001A,,,,,,,F02717006001A,,,,,,
6,,F04916015002A,,,,,,,,,,,,,F01620010001A,,,,F00418052001A,,,,,,,F02717006001A,,,,,,
7,,F04916015002A,,,,,,,,,,,,,F01620010001A,,,,F00418052001A,,,,,,,F02717006001A,,,,,,
8,,F04916015002A,,,,,,,,,,,,,F01620010001A,,,,F00418052001A,,,,,,,F02717006001A,,,,,,
9,,F04916015002A,,,,,,,,,,,,,F01620010001A,,,,F00418052001A,,,,,,,F02717006001A,,,,,,
10,,F04916015002A,,,,,,,,,,,,,F01620010001A,,,,F00418052001A,,,,,,,F02717006001A,,,,,,
11,,F04916015002A,,,,,,,,,,,,,F01620010001A,,,,F00418052001A,,,,,,,F02717006001A,,,,,,
12,,F04916015002A,,,,,,,,,,,,,F01620010001A,,,,F00418052001A,,,,,,,F02717006001A,,,,,,
13,,F04916015002A,,,,,,,,,,,,,F01620010001A,,,,F00418052001A,,,,,,,F02717006001A,,,,,,
14,,F04916015002A,,,,,,,,,,,,,F01620010001A,,,,F00418052001A,,,,,,,F02717006001A,,,,,,
15,,F04916015002A,,,,,,,,,,,,,F01620010001A,,,,F00418052001A,,,,,,,F02717006001A,,,,,,
16,,F04916015002A,,,,,,,,,,,,,F01620010001A,,,,F00418052001A,,,,,,,F02717006001A,,,,,,
17,,F04916015002A,,,,,,,,,,,,,F01620010001A,,,,F00418052001A,,,,,,,F02717006001A,,,,,,
18,,F04916015002A,,,,,,,,,,,,,F01620010001A,,,,F00418052001A,,,,,,,F02717006001A,,,,,,
19,,F04916015002A,,,,,,,,,,,,,F01620010001A,,,,F00418052001A,,,,,,,F02717006001A,,,,,,
20,,F04916015002A,,,,,,,,,,,,,F01620010001A,,,,F00418052001A,,,,,,,F02717006001A,,,,,,
21,,F04916015002A,,,,,,,,,,,,,F01620010001A,,,,F00418052001A,,,,,,,F02717006001A,,,,,,
22,,F04916015002A,,,,,,,,,,,,,F01620010001A,,,,F00418052001A,,,,,,,F02717006001A,,,,,,
23,,F04916015002A,,,,,,,,,,,,,F01620010001A,,,,F00418052001A,,,,,,,F02717006001A,,,,,,
24,,F04916015002A,,,,,,,,,,,,,F01620010001A,,,,F00418052001A,,,,,,,F02717006001A,,,,,,
25,,F04916015002A,,,,,,,,,,,,,F01620010001A,,,,F00418052001A,,,,,,,F02717006001A,,,,,,
26,,F04916015002A,,,,,,,,,,,,,F01620010001A,,,,F00418052001A,,,,,,,F02717006001A,,,,,,
27,,F04916015002A,,,,,,,,,,,,,F01620010001A,,,,F00418052001A,,,,,,,F02717006001A,,,,,,
28,,F04916015002A,,,,,,,,,,,,,F01620010001A,,,,F00418052001A,,,,,,,F02717006001A,,,,,,
29,,F04916015002A,,,,,,,,,,,,,F01620010001A,,,,F00418052001A,,,,,,,F02717006001A,,,,,,
30,,F04916015002A,,,,,,,,,,,,,F01620010001A,,,,F00418052001A,,,,,,,F02717006001A,,,,,,
31,,F04916015002A,,,,,,,,,,,,,F01620010001A,,,,F00418052001A,,,,,,,F02717006001A,,,,,,
32,,F04916015002A,,,,,,,,,,,,,F01620010001A,,,,F00418052001A,,,,,,,F02717006001A,,,,,,
33,,F04916015002A,,,,,,,,,,,,,F01620010001A,,,,F00418052001A,,,,,,,F02717006001A,,,,,,
34,,F04916015002A,,,,,,,,,,,,,F01620010001A,,,,F00418052001A,,,,,,,F02717006001A,,,,,,
35,,F04916015002A,,,,,,,,,,,,,F01620010001A,,,,F00418052001A,,,,,,,F02717006001A,,,,,,
36,,F04916015002A,,,,,,,,,,,,,F01620010001A,,,,F00418052001A,,,,,,,F02717006001A,,,,,,
37,,F04916015002A,,,,,,,,,,,,,F01620010001A,,,,F00418052001A,,,,,,,F02717006001A,,,,,,
38,,F04916015002A,,,,,,,,,,,,,F01620010001A,,,,F00418052001A,,,,,,,F02717006001A,,,,,,
39,,F04916015002A,,,,,,,,,,,,,F01620010001A,,,,F00418052001A,,,,,,,F02717006001A,,,,,,
40,,F04916015002A,,,,,,,,,,,,,F01620010001A,,,,F00418052001A,,,,,,,F02717006001A,,,,,,
41,,F04916015002A,,,,,,,,,,,,,F01620010001A,,,,F00418052001A,,,,,,,F02717006001A,,,,,,
42,,F04916015002A,,,,,,,,,,,,,F01620010001A,,,,F00418052001A,,,,,,,F02717006001A,,,,,,
43,,F04916015002A,,,,,,,,,,,,,F01620010001A,,,,F00418052001A,,,,,,,F02717006001A,,,,,,
44,,F04916015002A,,,,,,,,,,,,,F01620010001A,,,,F00418052001A,,,,,,,F02717006001A,,,,,,
45,,F04916015002A,,,,,,,,,,,,,F01620010001A,,,,F00418052001A,,,,,,,F02717006001A,,,,,,
46,,F04916015002A,,,,,,,,,,,,,F01620010001A,,,,F00418052001A,,,,,,,F02717006001A,,,,,,
47,,F04916015002A,,,,,,,,,,,,,F01620010001A,,,,F00418052001A,,,,,,,F02717006001A,,,,,,
48,,F04916015002A,,,,,,,,,,,,,F01620010001A,,,,I05415046001A,,,,,,,F02717006001A,,,,,,
49,,F04916015002A,,,,,,,,,,,,,F01620010001A,,,,I05415046001A,,,,,,,,,,,,,
50,,F04916015002A,,,,,,,,,,,,,F01620010001A,,,,I05415046001A,,,,,,,,,,,,,
51,,F04916015002A,,,,,,,,,,,,,F01620010001A,,,,I05415046001A,,,,,,,,,,,,,
52,,F04916015002A,,,,,,,,,,,,,F01620010001A,,,,I05415046001A,,,,,,,,,,,,,
53,,F04916015002A,,,,,,,,,,,,,F01620010001A,,,,I05415046001A,,,,,,,,,,,,,
54,,F04916015002A,,,,,,,,,,,,,F01620010001A,,,,I05415046001A,,,,,,,,,,,,,
55,,F04916015002A,,,,,,,,,,,,,F01620010001A,,,,I05415046001A,,,,,,,,,,,,,
56,,F04916015002A,,,,,,,,,,,,,F01620010001A,,,,I05415046001A,,,,,,,,,,,,,
57,,F04916015002A,,,,,,,,,,,,,F01620010001A,,,,I05415046001A,,,,,,,,,,,,,
58,,F04916015002A,,,,,,,,,,,,,F01620010001A,,,,I05415046001A,,,,,,,,,,,,,
59,,F04916015002A,,,,,,,,,,,,,F01620010001A,,,,I05415046001A,,,,,,,,,,,,,
60,,F04916015002A,,,,,,,,,,,,,F01620010001A,,,,I05415046001A,,,,,,,,,,,,,
61,,F04916015002A,,,,,,,,,,,,,F01620010001A,,,,I05415046001A,,,,,,,,,,,,,
62,,F04916015002A,,,,,,,,,,,,,F01620010001A,,,,I05415046001A,,,,,,,,,,,,,
63,,F04916015002A,,,,,,,,,,,,,F01620010001A,,,,I05415046001A,,,,,,,,,,,,,
64,,F04916015002A,,,,,,,,,,,,,F01620010001A,,,,I05415046001A,,,,,,,,,,,,,
65,,F04916015002A,,,,,,,,,,,,,F01620010001A,,,,I05415046001A,,,,,,,,,,,,,
66,,F04916015002A,,,,,,,,,,,,,F01620010001A,,,,I05415046001A,,,,,,,,,,,,,
67,,F04916015002A,,,,,,,,,,,,,F01620010001A,,,,I05415046001A,,,,,,,,,,,,,
68,,F04916015002A,,,,,,,,,,,,,F01620010001A,,,,I05415046001A,,,,,,,,,,,,,
69,,F04916015002A,,,,,,,,,,,,,F01620010001A,,,,I05415046001A,,,,,,,,,,,,,
70,,F04916015002A,,,,,,,,,,,,,F01620010001A,,,,I05415046001A,,,,,,,,,,,,,
71,,F04916015002A,,,,,,,,,,,,,F01620010001A,,,,I05415046001A,,,,,,,,,,,,,
72,,F04916015002A,,,,,,,,,,,,,F01620010001A,,,,I05415046001A,,,,,,,,,,,,,
73,,F04916015002A,,,,,,,,,,,,,F01620010001A,,,,I05415046001A,,,,,,,,,,,,,
74,,F04916015002A,,,,,,,,,,,,,F01620010001A,,,,I05415046001A,,,,,,,,,,,,,
75,,F04916015002A,,,,,,,,,,,,,F01620010001A,,,,I05415046001A,,,,,,,,,,,,,
76,,F04916015002A,,,,,,,,,,,,,F01620010001A,,,,I05415046001A,,,,,,,,,,,,,
77,,F04916015002A,,,,,,,,,,,,,F01620010001A,,,,I05415046001A,,,,,,,,,,,,,
78,,F04916015002A,,,,,,,,,,,,,F01620010001A,,,,I05415044001A,,,,,,,,,,,,,
79,,F04916015002A,,,,,,,,,,,,,F01620010001A,,,,I05415044001A,,,,,,,,,,,,,
80,,F04916015002A,,,,,,,,,,,,,F01620010001A,,,,I05415044001A,,,,,,,,,,,,,
81,,F04916015002A,,,,,,,,,,,,,F01620010001A,,,,I05415044001A,,,,,,,,,,,,,
82,,F04916015002A,,,,,,,,,,,,,F01620010001A,,,,I05415044001A,,,,,,,,,,,,,
83,,F04916015002A,,,,,,,,,,,,,F01620010001A,,,,I05415044001A,,,,,,,,,,,,,
84,,F04916015002A,,,,,,,,,,,,,F01620010001A,,,,I05415044001A,,,,,,,,,,,,,
85,,F04916015002A,,,,,,,,,,,,,F01620010001A,,,,I05415044001A,,,,,,,,,,,,,
86,,F04916015002A,,,,,,,,,,,,,F01620010001A,,,,I05415044001A,,,,,,,,,,,,,
87,,F04916015002A,,,,,,,,,,,,,F01620010001A,,,,I05415044001A,,,,,,,,,,,,,
88,,F04916015002A,,,,,,,,,,,,,F01620010001A,,,,I05415044001A,,,,,,,,,,,,,
89,,F04916015002A,,,,,,,,,,,,,F01620010001A,,,,I05415044001A,,,,,,,,,,,,,
90,,F04916015002A,,,,,,,,,,,,,F01620010001A,,,,I05415044001A,,,,,,,,,,,,,
91,,F04916015002A,,,,,,,,,,,,,F01620010001A,,,,I05415044001A,,,,,,,,,,,,,
92,,F04916015002A,,,,,,,,,,,,,F01620010001A,,,,I05415044001A,,,,,,,,,,,,,
93,,F04916015002A,,,,,,,,,,,,,F01620010001A,,,,I05415044001A,,,,,,,,,,,,,
94,,F04916015002A,,,,,,,,,,,,,F01620010001A,,,,I05415044001A,,,,,,,,,,,,,
95,,F04916015002A,,,,,,,,,,,,,F01620010001A,,,,I05415044001A,,,,,,,,,,,,,
96,,F04916015002A,,,,,,,,,,,,,F01620010001A,,,,I05415044001A,,,,,,,,,,,,,
97,,F04916015002A,,,,,,,,,,,,,F01620010001A,,,,I05415044001A,,,,,,,,,,,,,
98,,F04916015002A,,,,,,,,,,,,,F01620010001A,,,,I05415044001A,,,,,,,,,,,,,
99,,F04916015002A,,,,,,,,,,,,,F01620010001A,,,,I05415044001A,,,,,,,,,,,,,
100,,F04916015002A,,,,,,,,,,,,,F01620010001A,,,,I05415044001A,,,,,,,,,,,,,
101,,F04916015002A,,,,,,,,,,,,,F01620010001A,,,,I05415044001A,,,,,,,,,,,,,
102,,F04916015002A,,,,,,,,,,,,,F01620010001A,,,,I05415044001A,,,,,,,,,,,,,
103,,F04916015002A,,,,,,,,,,,,,F01620010001A,,,,I05415044001A,,,,,,,,,,,,,
104,,F04916015002A,,,,,,,,,,,,,F01620010001A,,,,I05415044001A,,,,,,,,,,,,,
105,,F04916015002A,,,,,,,,,,,,,F01620010001A,,,,I05415044001A,,,,,,,,,,,,,
106,,F04916015002A,,,,,,,,,,,,,F01620010001A,,,,I05415044001A,,,,,,,,,,,,,
107,,F04916015002A,,,,,,,,,,,,,F01620010001A,,,,I05415044001A,,,,,,,,,,,,,
108,,F04916015002A,,,,,,,,,,,,,F01620010001A,,,,I05415044001A,,,,,,,,,,,,,
109,,F04916015002A,,,,,,,,,,,,,F01620010001A,,,,I02917024003A,,,,,,,,,,,,,
110,,F04916015002A,,,,,,,,,,,,,F01620010001A,,,,I02917024003A,,,,,,,,,,,,,
111,,F04916015002A,,,,,,,,,,,,,F01620010001A,,,,I02917024003A,,,,,,,,,,,,,
112,,F04916015002A,,,,,,,,,,,,,F01620010001A,,,,I02917024003A,,,,,,,,,,,,,
113,,F04916015002A,,,,,,,,,,,,,F01620010001A,,,,I02917024003A,,,,,,,,,,,,,
114,,F04916015002A,,,,,,,,,,,,,F01620010001A,,,,I02917024003A,,,,,,,,,,,,,
115,,F04916015002A,,,,,,,,,,,,,F01620010001A,,,,I02917024003A,,,,,,,,,,,,,
116,,F04916015002A,,,,,,,,,,,,,F01620010001A,,,,I02917024003A,,,,,,,,,,,,,
117,,F04916015002A,,,,,,,,,,,,,F01620010001A,,,,I02917024003A,,,,,,,,,,,,,
118,,F04916015002A,,,,,,,,,,,,,F01620010001A,,,,I02917024003A,,,,,,,,,,,,,
119,,F04916015002A,,,,,,,,,,,,,F01620010001A,,,,I02917024003A,,,,,,,,,,,,,
120,,F04916015002A,,,,,,,,,,,,,F01620010001A,,,,I02917024003A,,,,,,,,,,,,,
121,,F04916015002A,,,,,,,,,,,,,F01620010001A,,,,I02917024003A,,,,,,,,,,,,,
122,,F04916015002A,,,,,,,,,,,,,F01620010001A,,,,I02917024003A,,,,,,,,,,,,,
123,,F04916015002A,,,,,,,,,,,,,F01620010001A,,,,I02917024003A,,,,,,,,,,,,,
124,,F04916015002A,,,,,,,,,,,,,F01620010001A,,,,I02917024003A,,,,,,,,,,,,,
125,,F04916015002A,,,,,,,,,,,,,F01620010001A,,,,I02917024003A,,,,,,,,,,,,,
126,,F04916015002A,,,,,,,,,,,,,F01620010001A,,,,I02917024003A,,,,,,,,,,,,,
127,,F04916015002A,,,,,,,,,,,,,F01620010001A,,,,I02917024003A,,,,,,,,,,,,,
128,,F04916015002A,,,,,,,,,,,,,F01620010001A,,,,I02917024003A,,,,,,,,,,,,,
129,,F04916015002A,,,,,,,,,,,,,F01620010001A,,,,I02917024003A,,,,,,,,,,,,,
130,,F04916015002A,,,,,,,,,,,,,F01620010001A,,,,I02917024003A,,,,,,,,,,,,,
131,,F04916015002A,,,,,,,,,,,,,F01620010001A,,,,I02917024003A,,,,,,,,,,,,,
132,,F04916015002A,,,,,,,,,,,,,F01620010001A,,,,I02917024003A,,,,,,,,,,,,,
133,,F04916015002A,,,,,,,,,,,,,F01620010001A,,,,I02917024003A,,,,,,,,,,,,,
134,,F04916015002A,,,,,,,,,,,,,F01620010001A,,,,I02917024003A,,,,,,,,,,,,,
135,,F04916015002A,,,,,,,,,,,,,F01620010001A,,,,I02917024003A,,,,,,,,,,,,,
136,,F04916015002A,,,,,,,,,,,,,F01620010001A,,,,I02917024003A,,,,,,,,,,,,,
137,,F04916015002A,,,,,,,,,,,,,F01620010001A,,,,I02917024003A,,,,,,,,,,,,,
138,,F04916015002A,,,,,,,,,,,,,F01620010001A,,,,I02917024003A,,,,,,,,,,,,,
139,,F04916015002A,,,,,,,,,,,,,F01620010001A,,,,I02917024003A,,,,,,,,,,,,,
140,,F04916015002A,,,,,,,,,,,,,F01620010001A,,,,I02917024003A,,,,,,,,,,,,,
141,,F04916015002A,,,,,,,,,,,,,F01620010001A,,,,I02917024003A,,,,,,,,,,,,,
142,,F04916015002A,,,,,,,,,,,,,F01620010001A,,,,I02917024003A,,,,,,,,,,,,,
143,,F04916015002A,,,,,,,,,,,,,F01620010001A,,,,I02917024003A,,,,,,,,,,,,,
144,,F04916015002A,,,,,,,,,,,,,F01620010001A,,,,I02917024003A,,,,,,,,,,,,,
145,,F04916015002A,,,,,,,,,,,,,F01620010001A,,,,I02917024003A,,,,,,,,,,,,,
146,,F04916015002A,,,,,,,,,,,,,F01620010001A,,,,I02917024003A,,,,,,,,,,,,,
147,,F04916015002A,,,,,,,,,,,,,F01620010001A,,,,I02917024003A,,,,,,,,,,,,,
148,,F04916015002A,,,,,,,,,,,,,F01620010001A,,,,I02917024003A,,,,,,,,,,,,,
149,,F04916015002A,,,,,,,,,,,,,F01620010001A,,,,I02917024003A,,,,,,,,,,,,,
150,,F04916015002A,,,,,,,,,,,,,F01620010001A,,,,I02917024003A,,,,,,,,,,,,,
151,,F04916015002A,,,,,,,,,,,,,F01620010001A,,,,I02917024003A,,,,,,,,,,,,,
152,,F04916015002A,,,,,,,,,,,,,F01620010001A,,,,I02917024003A,,,,,,,,,,,,,
153,,F04916015002A,,,,,,,,,,,,,F01620010001A,,,,I02917024003A,,,,,,,,,,,,,
154,,F04916015002A,,,,,,,,,,,,,F01620010001A,,,,I02917024003A,,,,,,,,,,,,,
155,,F04916015002A,,,,,,,,,,,,,F01620010001A,,,,I02917024003A,,,,,,,,,,,,,
156,,F04916015002A,,,,,,,,,,,,,F01620010001A,,,,I02917024003A,,,,,,,,,,,,,
157,,F04916015002A,,,,,,,,,,,,,F01620010001A,,,,I02917024003A,,,,,,,,,,,,,
158,,F04916015002A,,,,,,,,,,,,,F01620010001A,,,,I02917024003A,,,,,,,,,,,,,
159,,F04916015002A,,,,,,,,,,,,,F01620010001A,,,,I02917024003A,,,,,,,,,,,,,
160,,F04916015002A,,,,,,,,,,,,,F01620010001A,,,,I02917024003A,,,,,,,,,,,,,
161,,F04916015002A,,,,,,,,,,,,,F01620010001A,,,,I02917024003A,,,,,,,,,,,,,
162,,F04916015002A,,,,,,,,,,,,,F01620010001A,,,,I02917024003A,,,,,,,,,,,,,
163,,F04916015002A,,,,,,,,,,,,,F01620010001A,,,,I02917024003A,,,,,,,,,,,,,
164,,F04916015002A,,,,,,,,,,,,,F01620010001A,,,,I02917024003A,,,,,,,,,,,,,
165,,F04916015002A,,,,,,,,,,,,,F01620010001A,,,,I02917024003A,,,,,,,,,,,,,
166,,F04916015002A,,,,,,,,,,,,,F01620010001A,,,,I02917024003A,,,,,,,,,,,,,
167,,F04916015002A,,,,,,,,,,,,,F01620010001A,,,,I02917024003A,,,,,,,,,,,,,
168,,F04916015002A,,,,,,,,,,,,,F01620010001A,,,,I02917024003A,,,,,,,,,,,,,
169,,F04916015002A,,,,,,,,,,,,,F01620010001A,,,,I02917024003A,,,,,,,,,,,,,
170,,F04916015002A,,,,,,,,,,,,,F01620010001A,,,,I02917024003A,,,,,,,,,,,,,
171,,F04916015002A,,,,,,,,,,,,,F01620010001A,,,,I02917024003A,,,,,,,,,,,,,
172,,F04916015002A,,,,,,,,,,,,,F01620010001A,,,,I02917024003A,,,,,,,,,,,,,
173,,F04916015002A,,,,,,,,,,,,,F01620010001A,,,,I02917024003A,,,,,,,,,,,,,
174,,F04916015002A,,,,,,,,,,,,,F01620010001A,,,,I02917024003A,,,,,,,,,,,,,
175,,F04916015002A,,,,,,,,,,,,,F01620010001A,,,,I02917024003A,,,,,,,,,,,,,
176,,F04916015002A,,,,,,,,,,,,,F01620010001A,,,,I02917024003A,,,,,,,,,,,,,
177,,F04916015002A,,,,,,,,,,,,,F01620010001A,,,,I02917024003A,,,,,,,,,,,,,
178,,F04916015002A,,,,,,,,,,,,,F01620010001A,,,,I02917024003A,,,,,,,,,,,,,
179,,F04916015002A,,,,,,,,,,,,,F01620010001A,,,,I02917024003A,,,,,,,,,,,,,
180,,F04916015002A,,,,,,,,,,,,,F01620010001A,,,,I02917024003A,,,,,,,,,,,,,
181,,F04916015002A,,,,,,,,,,,,,F01620010001A,,,,I02917024003A,,,,,,,,,,,,,
182,,F04916015002A,,,,,,,,,,,,,F01620010001A,,,,I02917024003A,,,,,,,,,,,,,
183,,F04916015002A,,,,,,,,,,,,,F01620010001A,,,,I02917024003A,,,,,,,,,,,,,
184,,F04916015002A,,,,,,,,,,,,,F01620010001A,,,,I02917024003A,,,,,,,,,,,,,
185,,F04916015002A,,,,,,,,,,,,,F01620010001A,,,,I02917024003A,,,,,,,,,,,,,
186,,F04916015002A,,,,,,,,,,,,,F01620010001A,,,,I02917024003A,,,,,,,,,,,,,
187,,F04916015002A,,,,,,,,,,,,,F01620010001A,,,,I02917024003A,,,,,,,,,,,,,
188,,F04916015002A,,,,,,,,,,,,,F01620010001A,,,,I02917024003A,,,,,,,,,,,,,
189,,F04916015002A,,,,,,,,,,,,,F01620010001A,,,,I02917024003A,,,,,,,,,,,,,
190,,F04916015002A,,,,,,,,,,,,,F01620010001A,,,,I02917024003A,,,,,,,,,,,,,
191,,F04916015002A,,,,,,,,,,,,,F01620010001A,,,,I02917024003A,,,,,,,,,,,,,
192,,F04916015002A,,,,,,,,,,,,,F01620010001A,,,,I02917024003A,,,,,,,,,,,,,
193,,F04916015002A,,,,,,,,,,,,,F01620010001A,,,,I02917024003A,,,,,,,,,,,,,
194,,F04916015002A,,,,,,,,,,,,,F01620010001A,,,,I02917024003A,,,,,,,,,,,,,
195,,F04916015002A,,,,,,,,,,,,,F01620010001A,,,,I02917024003A,,,,,,,,,,,,,
196,,F04916015002A,,,,,,,,,,,,,F01620010001A,,,,I02917024003A,,,,,,,,,,,,,
197,,F04916015002A,,,,,,,,,,,,,F01620010001A,,,,I02917024003A,,,,,,,,,,,,,
198,,F04916015002A,,,,,,,,,,,,,F01620010001A,,,,I02917024003A,,,,,,,,,,,,,
199,,F04916015002A,,,,,,,,,,,,,F01620010001A,,,,I02917024003A,,,,,,,,,,,,,
200,,F04916015002A,,,,,,,,,,,,,F01620010001A,,,,I02917024003A,,,,,,,,,,,,,
201,,F04916015002A,,,,,,,,,,,,,F01620010001A,,,,I02917024003A,,,,,,,,,,,,,
202,,F04916015002A,,,,,,,,,,,,,F01620010001A,,,,I02917024003A,,,,,,,,,,,,,
203,,F04916015002A,,,,,,,,,,,,,F01620010001A,,,,I02917024003A,,,,,,,,,,,,,
204,,F04916015002A,,,,,,,,,,,,,F01620010001A,,,,I02917024003A,,,,,,,,,,,,,
205,,F04916015002A,,,,,,,,,,,,,F01620010001A,,,,I02917024003A,,,,,,,,,,,,,
206,,F04916015002A,,,,,,,,,,,,,F01620010001A,,,,I02917024003A,,,,,,,,,,,,,
207,,F04916015002A,,,,,,,,,,,,,F01620010001A,,,,I02917024003A,,,,,,,,,,,,,
208,,F04916015002A,,,,,,,,,,,,,F01620010001A,,,,I02917024003A,,,,,,,,,,,,,
209,,F04916015002A,,,,,,,,,,,,,F01620010001A,,,,I02917024003A,,,,,,,,,,,,,
210,,F04916015002A,,,,,,,,,,,,,F01620010001A,,,,I02917024003A,,,,,,,,,,,,,
211,,F04916015002A,,,,,,,,,,,,,F01620010001A,,,,I02917024003A,,,,,,,,,,,,,
212,,F04916015002A,,,,,,,,,,,,,F01620010001A,,,,I02917024003A,,,,,,,,,,,,,
213,,F04916015002A,,,,,,,,,,,,,F01620010001A,,,,I02917024003A,,,,,,,,,,,,,
214,,F04916015002A,,,,,,,,,,,,,F01620010001A,,,,I02917024003A,,,,,,,,,,,,,
215,,F04916015002A,,,,,,,,,,,,,F01620010001A,,,,I02917024003A,,,,,,,,,,,,,
216,,F04916015002A,,,,,,,,,,,,,F01620010001A,,,,I02917024003A,,,,,,,,,,,,,
217,,F04916015002A,,,,,,,,,,,,,F01620010001A,,,,I02917024003A,,,,,,,,,,,,,
218,,F04916015002A,,,,,,,,,,,,,F01620010001A,,,,I02917024003A,,,,,,,,,,,,,
219,,F04916015002A,,,,,,,,,,,,,F01620010001A,,,,I02917024003A,,,,,,,,,,,,,
220,,F04916015002A,,,,,,,,,,,,,F01620010001A,,,,I02917024003A,,,,,,,,,,,,,
221,,F04916015002A,,,,,,,,,,,,,F01620010001A,,,,I02917024003A,,,,,,,,,,,,,
222,,F04916015002A,,,,,,,,,,,,,F01620010001A,,,,I02917024003A,,,,,,,,,,,,,
223,,F04916015002A,,,,,,,,,,,,,F01620010001A,,,,I02917024003A,,,,,,,,,,,,,
224,,F04916015002A,,,,,,,,,,,,,F01620010001A,,,,I02917024003A,,,,,,,,,,,,,
225,,F04916015002A,,,,,,,,,,,,,F01620010001A,,,,I02917024003A,,,,,,,,,,,,,
226,,F04916015002A,,,,,,,,,,,,,F01620010001A,,,,I02917024003A,,,,,,,,,,,,,
227,,F04916015002A,,,,,,,,,,,,,F01620010001A,,,,F04916074001B,,,,,,,,,,,,,
228,,F04916015002A,,,,,,,,,,,,,F01620010001A,,,,F04916074001B,,,,,,,,,,,,,
229,,F04916015002A,,,,,,,,,,,,,F01620010001A,,,,F04916074001B,,,,,,,,,,,,,
230,,F04916015002A,,,,,,,,,,,,,F01620010001A,,,,F04916074001B,,,,,,,,,,,,,
231,,F04916015002A,,,,,,,,,,,,,F01620010001A,,,,F04916074001B,,,,,,,,,,,,,
232,,F04916015002A,,,,,,,,,,,,,F01620010001A,,,,F04916074001B,,,,,,,,,,,,,
233,,F04916015002A,,,,,,,,,,,,,F01620010001A,,,,F04916074001B,,,,,,,,,,,,,
234,,F04916015002A,,,,,,,,,,,,,F01620010001A,,,,F04916074001B,,,,,,,,,,,,,
235,,F04916015002A,,,,,,,,,,,,,F01620010001A,,,,F04916074001B,,,,,,,,,,,,,
236,,F04916015002A,,,,,,,,,,,,,F01620010001A,,,,F04916074001B,,,,,,,,,,,,,
237,,F04916015002A,,,,,,,,,,,,,F01620010001A,,,,F04916074001B,,,,,,,,,,,,,
238,,F04916015002A,,,,,,,,,,,,,F01620010001A,,,,F04916074001B,,,,,,,,,,,,,
239,,F04916015002A,,,,,,,,,,,,,F01620010001A,,,,F04916074001B,,,,,,,,,,,,,
240,,F04916015002A,,,,,,,,,,,,,F01620010001A,,,,F04916074001B,,,,,,,,,,,,,
241,,F04916015002A,,,,,,,,,,,,,F01620010001A,,,,F04916074001B,,,,,,,,,,,,,
242,,F04916015002A,,,,,,,,,,,,,F01620010001A,,,,F04916074001B,,,,,,,,,,,,,
243,,F04916015002A,,,,,,,,,,,,,F01620010001A,,,,F04916074001B,,,,,,,,,,,,,
244,,F04916015002A,,,,,,,,,,,,,F01620010001A,,,,F04916074001B,,,,,,,,,,,,,
245,,F04916015002A,,,,,,,,,,,,,F01620010001A,,,,F04916074001B,,,,,,,,,,,,,
246,,F04916015002A,,,,,,,,,,,,,F01620010001A,,,,F04916074001B,,,,,,,,,,,,,
247,,F04916015002A,,,,,,,,,,,,,F01620010001A,,,,F04916074001B,,,,,,,,,,,,,
248,,F04916015002A,,,,,,,,,,,,,F01620010001A,,,,F04916074001B,,,,,,,,,,,,,
249,,F04916015002A,,,,,,,,,,,,,F01620010001A,,,,,,,,,,,,,,,,,
250,,F04916015002A,,,,,,,,,,,,,F01620010001A,,,,,,,,,,,,,,,,,
251,,F04916015002A,,,,,,,,,,,,,F01620010001A,,,,,,,,,,,,,,,,,
252,,F04916015002A,,,,,,,,,,,,,F01620010001A,,,,,,,,,,,,,,,,,
253,,F04916015002A,,,,,,,,,,,,,F01620010001A,,,,,,,,,,,,,,,,,
254,,F04916015002A,,,,,,,,,,,,,F01620010001A,,,,,,,,,,,,,,,,,
255,,F04916015002A,,,,,,,,,,,,,F01620010001A,,,,,,,,,,,,,,,,,
256,,F04916015002A,,,,,,,,,,,,,F01620010001A,,,,,,,,,,,,,,,,,
257,,F04916015002A,,,,,,,,,,,,,F01620010001A,,,,,,,,,,,,,,,,,
258,,F04916015002A,,,,,,,,,,,,,F01620010001A,,,,,,,,,,,,,,,,,
259,,F04916015002A,,,,,,,,,,,,,F01620010001A,,,,,,,,,,,,,,,,,
260,,F04916015002A,,,,,,,,,,,,,F01620010001A,,,,,,,,,,,,,,,,,
261,,F04916015002A,,,,,,,,,,,,,F01620010001A,,,,,,,,,,,,,,,,,
262,,F04916015002A,,,,,,,,,,,,,F01620010001A,,,,,,,,,,,,,,,,,
263,,F04916015002A,,,,,,,,,,,,,F01620010001A,,,,,,,,,,,,,,,,,
264,,F04916015002A,,,,,,,,,,,,,F01620010001A,,,,,,,,,,,,,,,,,
265,,F04916015002A,,,,,,,,,,,,,F01620010001A,,,,,,,,,,,,,,,,,
266,,F04916015002A,,,,,,,,,,,,,F01620010001A,,,,,,,,,,,,,,,,,
267,,F04916015002A,,,,,,,,,,,,,F01620010001A,,,,,,,,,,,,,,,,,
268,,F04916015002A,,,,,,,,,,,,,F01620010001A,,,,,,,,,,,,,,,,,
269,,F04916015002A,,,,,,,,,,,,,F01620010001A,,,,,,,,,,,,,,,,,
270,,F04916015002A,,,,,,,,,,,,,F01620010001A,,,,,,,,,,,,,,,,,
271,,F04916015002A,,,,,,,,,,,,,F01620010001A,,,,,,,,,,,,,,,,,
272,,F04916015002A,,,,,,,,,,,,,F01620010001A,,,,,,,,,,,,,,,,,
273,,F04916015002A,,,,,,,,,,,,,F01620010001A,,,,,,,,,,,,,,,,,
274,,F04916015002A,,,,,,,,,,,,,F01620010001A,,,,,,,,,,,,,,,,,
275,,F04916015002A,,,,,,,,,,,,,F01620010001A,,,,,,,,,,,,,,,,,
276,,F04916015002A,,,,,,,,,,,,,F01620010001A,,,,,,,,,,,,,,,,,
277,,F04916015002A,,,,,,,,,,,,,F01620010001A,,,,,,,,,,,,,,,,,
278,,F04916015002A,,,,,,,,,,,,,F01620010001A,,,,,,,,,,,,,,,,,
279,,F04916015002A,,,,,,,,,,,,,F01620010001A,,,,,,,,,,,,,,,,,
280,,F04916015002A,,,,,,,,,,,,,F01620010001A,,,,,,,,,,,,,,,,,
281,,F04916015002A,,,,,,,,,,,,,F01620010001A,,,,,,,,,,,,,,,,,
282,,F04916015002A,,,,,,,,,,,,,F01620010001A,,,,,,,,,,,,,,,,,
283,,F04916015002A,,,,,,,,,,,,,F01620010001A,,,,,,,,,,,,,,,,,
284,,F04916015002A,,,,,,,,,,,,,F01620010001A,,,,,,,,,,,,,,,,,
285,,F04916015002A,,,,,,,,,,,,,F01620010001A,,,,,,,,,,,,,,,,,
286,,F04916015002A,,,,,,,,,,,,,F01620010001A,,,,,,,,,,,,,,,,,
287,,F04916015002A,,,,,,,,,,,,,F01620010001A,,,,,,,,,,,,,,,,,
288,,F04916015002A,,,,,,,,,,,,,F01620010001A,,,,,,,,,,,,,,,,,
289,,F04916015002A,,,,,,,,,,,,,F01620010001A,,,,,,,,,,,,,,,,,
290,,F04916015002A,,,,,,,,,,,,,F01620010001A,,,,,,,,,,,,,,,,,
291,,F04916015002A,,,,,,,,,,,,,F01620010001A,,,,,,,,,,,,,,,,,
292,,F04916015002A,,,,,,,,,,,,,F01620010001A,,,,,,,,,,,,,,,,,
293,,F04916015002A,,,,,,,,,,,,,F01620010001A,,,,,,,,,,,,,,,,,
294,,F04916015002A,,,,,,,,,,,,,F01620010001A,,,,,,,,,,,,,,,,,
295,,F04916015002A,,,,,,,,,,,,,F01620010001A,,,,,,,,,,,,,,,,,
296,,F04916015002A,,,,,,,,,,,,,F01620010001A,,,,,,,,,,,,,,,,,
297,,F04916015002A,,,,,,,,,,,,,F01620010001A,,,,,,,,,,,,,,,,,
298,,F04916015002A,,,,,,,,,,,,,F01620010001A,,,,,,,,,,,,,,,,,
299,,F04916015002A,,,,,,,,,,,,,F01620010001A,,,,,,,,,,,,,,,,,
300,,F04916015002A,,,,,,,,,,,,,F01620010001A,,,,,,,,,,,,,,,,,
301,,F04916015002A,,,,,,,,,,,,,F01620010001A,,,,,,,,,,,,,,,,,
302,,F04916015002A,,,,,,,,,,,,,F01620010001A,,,,,,,,,,,,,,,,,
303,,F04916015002A,,,,,,,,,,,,,F01620010001A,,,,,,,,,,,,,,,,,
304,,F04916015002A,,,,,,,,,,,,,F01620010001A,,,,,,,,,,,,,,,,,
305,,F04916015002A,,,,,,,,,,,,,F01620010001A,,,,,,,,,,,,,,,,,
306,,F04916015002A,,,,,,,,,,,,,F01620010001A,,,,,,,,,,,,,,,,,
307,,F04916015002A,,,,,,,,,,,,,F01620010001A,,,,,,,,,,,,,,,,,
308,,F04916015002A,,,,,,,,,,,,,F01620010001A,,,,,,,,,,,,,,,,,
309,,F04916015002A,,,,,,,,,,,,,F01620010001A,,,,,,,,,,,,,,,,,
310,,F04916015002A,,,,,,,,,,,,,F01620010001A,,,,,,,,,,,,,,,,,
311,,F04916015002A,,,,,,,,,,,,,F01620010001A,,,,,,,,,,,,,,,,,
312,,F04916015002A,,,,,,,,,,,,,F01620010001A,,,,,,,,,,,,,,,,,
313,,F04916015002A,,,,,,,,,,,,,F01620010001A,,,,,,,,,,,,,,,,,
314,,F04916015002A,,,,,,,,,,,,,F01620010001A,,,,,,,,,,,,,,,,,
315,,F04916015002A,,,,,,,,,,,,,F01620010001A,,,,,,,,,,,,,,,,,
316,,F04916015002A,,,,,,,,,,,,,F01620010001A,,,,,,,,,,,,,,,,,
317,,F04916015002A,,,,,,,,,,,,,F01620010001A,,,,,,,,,,,,,,,,,
318,,F04916015002A,,,,,,,,,,,,,F01620010001A,,,,,,,,,,,,,,,,,
319,,F04916015002A,,,,,,,,,,,,,F01620010001A,,,,,,,,,,,,,,,,,
320,,F04916015002A,,,,,,,,,,,,,F01620010001A,,,,,,,,,,,,,,,,,
321,,F04916015002A,,,,,,,,,,,,,F01620010001A,,,,,,,,,,,,,,,,,
322,,F04916015002A,,,,,,,,,,,,,F01620010001A,,,,,,,,,,,,,,,,,
323,,F04916015002A,,,,,,,,,,,,,F01620010001A,,,,,,,,,,,,,,,,,
324,,F04916015002A,,,,,,,,,,,,,F01620010001A,,,,,,,,,,,,,,,,,
325,,F04916015002A,,,,,,,,,,,,,F01620010001A,,,,,,,,,,,,,,,,,
326,,F04916015002A,,,,,,,,,,,,,F01620010001A,,,,,,,,,,,,,,,,,
327,,F04916015002A,,,,,,,,,,,,,F01620010001A,,,,,,,,,,,,,,,,,
328,,F04916015002A,,,,,,,,,,,,,F01620010001A,,,,,,,,,,,,,,,,,
329,,F04916015002A,,,,,,,,,,,,,F01620010001A,,,,,,,,,,,,,,,,,
330,,F04916015002A,,,,,,,,,,,,,F01620010001A,,,,,,,,,,,,,,,,,
331,,F04916015002A,,,,,,,,,,,,,F01620010001A,,,,,,,,,,,,,,,,,
332,,F04916015002A,,,,,,,,,,,,,F01620010001A,,,,,,,,,,,,,,,,,
333,,F04916015002A,,,,,,,,,,,,,F01620010001A,,,,,,,,,,,,,,,,,
334,,F04916015002A,,,,,,,,,,,,,F01620010001A,,,,,,,,,,,,,,,,,
335,,F04916015002A,,,,,,,,,,,,,F01620010001A,,,,,,,,,,,,,,,,,
336,,F04916015002A,,,,,,,,,,,,,F01620010001A,,,,,,,,,,,,,,,,,
337,,F04916015002A,,,,,,,,,,,,,F01620010001A,,,,,,,,,,,,,,,,,
338,,F04916015002A,,,,,,,,,,,,,F01620010001A,,,,,,,,,,,,,,,,,
339,,F04916015002A,,,,,,,,,,,,,F01620010001A,,,,,,,,,,,,,,,,,
340,,F04916015002A,,,,,,,,,,,,,F01620010001A,,,,,,,,,,,,,,,,,
341,,F04916015002A,,,,,,,,,,,,,F01620010001A,,,,,,,,,,,,,,,,,
342,,F04916015002A,,,,,,,,,,,,,F01620010001A,,,,,,,,,,,,,,,,,
343,,F04916015002A,,,,,,,,,,,,,F01620010001A,,,,,,,,,,,,,,,,,
344,,F04916015002A,,,,,,,,,,,,,F01620010001A,,,,,,,,,,,,,,,,,
345,,F04916015002A,,,,,,,,,,,,,F01620010001A,,,,,,,,,,,,,,,,,
346,,F04916015002A,,,,,,,,,,,,,F01620010001A,,,,,,,,,,,,,,,,,
347,,F04916015002A,,,,,,,,,,,,,F01620010001A,,,,,,,,,,,,,,,,,
348,,F04916015002A,,,,,,,,,,,,,F01620010001A,,,,,,,,,,,,,,,,,
349,,F04916015002A,,,,,,,,,,,,,F01620010001A,,,,,,,,,,,,,,,,,
350,,F04916015002A,,,,,,,,,,,,,F01620010001A,,,,,,,,,,,,,,,,,
351,,F04916015002A,,,,,,,,,,,,,F01620010001A,,,,,,,,,,,,,,,,,
352,,F04916015002A,,,,,,,,,,,,,F01620010001A,,,,,,,,,,,,,,,,,
353,,F04916015002A,,,,,,,,,,,,,F01620010001A,,,,,,,,,,,,,,,,,
354,,F04916015002A,,,,,,,,,,,,,F01620010001A,,,,,,,,,,,,,,,,,
355,,F04916015002A,,,,,,,,,,,,,F01620010001A,,,,,,,,,,,,,,,,,
356,,F04916015002A,,,,,,,,,,,,,F01620010001A,,,,,,,,,,,,,,,,,
357,,F04916015002A,,,,,,,,,,,,,F01620010001A,,,,,,,,,,,,,,,,,
358,,F04916015002A,,,,,,,,,,,,,F01620010001A,,,,,,,,,,,,,,,,,
359,,F04916015002A,,,,,,,,,,,,,F01620010001A,,,,,,,,,,,,,,,,,
360,,F04916015002A,,,,,,,,,,,,,F01620010001A,,,,,,,,,,,,,,,,,
361,,F04916015002A,,,,,,,,,,,,,F01620010001A,,,,,,,,,,,,,,,,,
362,,F04916015002A,,,,,,,,,,,,,F01620010001A,,,,,,,,,,,,,,,,,
363,,F04916015002A,,,,,,,,,,,,,F01620010001A,,,,,,,,,,,,,,,,,
364,,F04916015002A,,,,,,,,,,,,,F01620010001A,,,,,,,,,,,,,,,,,
365,,F04916015002A,,,,,,,,,,,,,F01620010001A,,,,,,,,,,,,,,,,,
366,,F04916015002A,,,,,,,,,,,,,F01620010001A,,,,,,,,,,,,,,,,,
367,,,,,,,,,,,,,,,F01620010001A,,,,,,,,,,,,,,,,,
368,,,,,,,,,,,,,,,F01620010001A,,,,,,,,,,,,,,,,,
369,,,,,,,,,,,,,,,F01620010001A,,,,,,,,,,,,,,,,,
370,,,,,,,,,,,,,,,F01620010001A,,,,,,,,,,,,,,,,,
371,,,,,,,,,,,,,,,F01620010001A,,,,,,,,,,,,,,,,,
372,,,,,,,,,,,,,,,F01620010001A,,,,,,,,,,,,,,,,,
373,,,,,,,,,,,,,,,F01620010001A,,,,,,,,,,,,,,,,,
374,,,,,,,,,,,,,,,F01620010001A,,,,,,,,,,,,,,,,,
375,,,,,,,,,,,,,,,F01620010001A,,,,,,,,,,,,,,,,,
376,,,,,,,,,,,,,,,F01620010001A,,,,,,,,,,,,,,,,,
377,,,,,,,,,,,,,,,F01620010001A,,,,,,,,,,,,,,,,,
378,,,,,,,,,,,,,,,F01620010001A,,,,,,,,,,,,,,,,,
379,,,,,,,,,,,,,,,F01620010001A,,,,,,,,,,,,,,,,,
380,,,,,,,,,,,,,,,F01620010001A,,,,,,,,,,,,,,,,,
381,,,,,,,,,,,,,,,F01620010001A,,,,,,,,,,,,,,,,,
382,,,,,,,,,,,,,,,F01620010001A,,,,,,,,,,,,,,,,,
383,,,,,,,,,,,,,,,F01620010001A,,,,,,,,,,,,,,,,,
384,,,,,,,,,,,,,,,F01620010001A,,,,,,,,,,,,,,,,,
385,,,,,,,,,,,,,,,F01620010001A,,,,,,,,,,,,,,,,,
386,,,,,,,,,,,,,,,F01620010001A,,,,,,,,,,,,,,,,,
387,,,,,,,,,,,,,,,F01620010001A,,,,,,,,,,,,,,,,,
388,,,,,,,,,,,,,,,F01620010001A,,,,,,,,,,,,,,,,,
389,,,,,,,,,,,,,,,F01620010001A,,,,,,,,,,,,,,,,,
390,,,,,,,,,,,,,,,F01620010001A,,,,,,,,,,,,,,,,,
391,,,,,,,,,,,,,,,F01620010001A,,,,,,,,,,,,,,,,,
392,,,,,,,,,,,,,,,F01620010001A,,,,,,,,,,,,,,,,,
393,,,,,,,,,,,,,,,F01620010001A,,,,,,,,,,,,,,,,,
394,,,,,,,,,,,,,,,F01620010001A,,,,,,,,,,,,,,,,,
395,,,,,,,,,,,,,,,F01620010001A,,,,,,,,,,,,,,,,,
396,,,,,,,,,,,,,,,F01620010001A,,,,,,,,,,,,,,,,,
397,,,,,,,,,,,,,,,F01620010001A,,,,,,,,,,,,,,,,,
398,,,,,,,,,,,,,,,F01620010001A,,,,,,,,,,,,,,,,,
399,,,,,,,,,,,,,,,F01620010001A,,,,,,,,,,,,,,,,,
400,,,,,,,,,,,,,,,F01620010001A,,,,,,,,,,,,,,,,,
401,,,,,,,,,,,,,,,F01620010001A,,,,,,,,,,,,,,,,,
402,,,,,,,,,,,,,,,F01620010001A,,,,,,,,,,,,,,,,,
403,,,,,,,,,,,,,,,F01620010001A,,,,,,,,,,,,,,,,,
404,,,,,,,,,,,,,,,F01620010001A,,,,,,,,,,,,,,,,,
405,,,,,,,,,,,,,,,F01620010001A,,,,,,,,,,,,,,,,,
406,,,,,,,,,,,,,,,F01620010001A,,,,,,,,,,,,,,,,,
407,,,,,,,,,,,,,,,F01620010001A,,,,,,,,,,,,,,,,,
408,,,,,,,,,,,,,,,F01620010001A,,,,,,,,,,,,,,,,,
409,,,,,,,,,,,,,,,F01620010001A,,,,,,,,,,,,,,,,,
410,,,,,,,,,,,,,,,F01620010001A,,,,,,,,,,,,,,,,,
411,,,,,,,,,,,,,,,F01620010001A,,,,,,,,,,,,,,,,,
412,,,,,,,,,,,,,,,F01620010001A,,,,,,,,,,,,,,,,,
413,,,,,,,,,,,,,,,F01620010001A,,,,,,,,,,,,,,,,,
414,,,,,,,,,,,,,,,F01620010001A,,,,,,,,,,,,,,,,,
415,,,,,,,,,,,,,,,F01620010001A,,,,,,,,,,,,,,,,,
416,,,,,,,,,,,,,,,F01620010001A,,,,,,,,,,,,,,,,,
417,,,,,,,,,,,,,,,F01620010001A,,,,,,,,,,,,,,,,,
418,,,,,,,,,,,,,,,F01620010001A,,,,,,,,,,,,,,,,,
419,,,,,,,,,,,,,,,F01620010001A,,,,,,,,,,,,,,,,,
420,,,,,,,,,,,,,,,F01620010001A,,,,,,,,,,,,,,,,,
421,,,,,,,,,,,,,,,F01620010001A,,,,,,,,,,,,,,,,,
422,,,,,,,,,,,,,,,F01620010001A,,,,,,,,,,,,,,,,,
423,,,,,,,,,,,,,,,F01620010001A,,,,,,,,,,,,,,,,,
424,,,,,,,,,,,,,,,F01620010001A,,,,,,,,,,,,,,,,,
425,,,,,,,,,,,,,,,F01620010001A,,,,,,,,,,,,,,,,,
426,,,,,,,,,,,,,,,F01620010001A,,,,,,,,,,,,,,,,,
427,,,,,,,,,,,,,,,F01620010001A,,,,,,,,,,,,,,,,,
428,,,,,,,,,,,,,,,F01620010001A,,,,,,,,,,,,,,,,,
429,,,,,,,,,,,,,,,F01620010001A,,,,,,,,,,,,,,,,,
430,,,,,,,,,,,,,,,F01620010001A,,,,,,,,,,,,,,,,,
431,,,,,,,,,,,,,,,F01620010001A,,,,,,,,,,,,,,,,,
432,,,,,,,,,,,,,,,F01620010001A,,,,,,,,,,,,,,,,,
433,,,,,,,,,,,,,,,F01620010001A,,,,,,,,,,,,,,,,,
434,,,,,,,,,,,,,,,F01620010001A,,,,,,,,,,,,,,,,,
435,,,,,,,,,,,,,,,F01620010001A,,,,,,,,,,,,,,,,,
436,,,,,,,,,,,,,,,F01620010001A,,,,,,,,,,,,,,,,,
437,,,,,,,,,,,,,,,F01620010001A,,,,,,,,,,,,,,,,,
438,,,,,,,,,,,,,,,F01620010001A,,,,,,,,,,,,,,,,,
439,,,,,,,,,,,,,,,F01620010001A,,,,,,,,,,,,,,,,,
440,,,,,,,,,,,,,,,F01620010001A,,,,,,,,,,,,,,,,,
441,,,,,,,,,,,,,,,F01620010001A,,,,,,,,,,,,,,,,,
442,,,,,,,,,,,,,,,F01620010001A,,,,,,,,,,,,,,,,,
443,,,,,,,,,,,,,,,F01620010001A,,,,,,,,,,,,,,,,,
444,,,,,,,,,,,,,,,F01620010001A,,,,,,,,,,,,,,,,,
445,,,,,,,,,,,,,,,F01620010001A,,,,,,,,,,,,,,,,,
446,,,,,,,,,,,,,,,F01620010001A,,,,,,,,,,,,,,,,,
447,,,,,,,,,,,,,,,F01620010001A,,,,,,,,,,,,,,,,,
448,,,,,,,,,,,,,,,F01620010001A,,,,,,,,,,,,,,,,,
449,,,,,,,,,,,,,,,F01620010001A,,,,,,,,,,,,,,,,,
450,,,,,,,,,,,,,,,F01620010001A,,,,,,,,,,,,,,,,,
451,,,,,,,,,,,,,,,F01620010001A,,,,,,,,,,,,,,,,,
452,,,,,,,,,,,,,,,F01620010001A,,,,,,,,,,,,,,,,,
453,,,,,,,,,,,,,,,F01620010001A,,,,,,,,,,,,,,,,,
454,,,,,,,,,,,,,,,F01620010001A,,,,,,,,,,,,,,,,,
455,,,,,,,,,,,,,,,F01620010001A,,,,,,,,,,,,,,,,,
456,,,,,,,,,,,,,,,F01620010001A,,,,,,,,,,,,,,,,,
457,,,,,,,,,,,,,,,F01620010001A,,,,,,,,,,,,,,,,,
458,,,,,,,,,,,,,,,F01620010001A,,,,,,,,,,,,,,,,,
459,,,,,,,,,,,,,,,F01620010001A,,,,,,,,,,,,,,,,,
460,,,,,,,,,,,,,,,F01620010001A,,,,,,,,,,,,,,,,,
461,,,,,,,,,,,,,,,F01620010001A,,,,,,,,,,,,,,,,,
462,,,,,,,,,,,,,,,F01620010001A,,,,,,,,,,,,,,,,,
463,,,,,,,,,,,,,,,F01620010001A,,,,,,,,,,,,,,,,,
464,,,,,,,,,,,,,,,F01620010001A,,,,,,,,,,,,,,,,,
465,,,,,,,,,,,,,,,F01620010001A,,,,,,,,,,,,,,,,,
466,,,,,,,,,,,,,,,F01620010001A,,,,,,,,,,,,,,,,,
467,,,,,,,,,,,,,,,F01620010001A,,,,,,,,,,,,,,,,,
468,,,,,,,,,,,,,,,F01620010001A,,,,,,,,,,,,,,,,,
469,,,,,,,,,,,,,,,F01620010001A,,,,,,,,,,,,,,,,,
470,,,,,,,,,,,,,,,F01620010001A,,,,,,,,,,,,,,,,,
471,,,,,,,,,,,,,,,F01620010001A,,,,,,,,,,,,,,,,,
472,,,,,,,,,,,,,,,F01620010001A,,,,,,,,,,,,,,,,,
473,,,,,,,,,,,,,,,F01620010001A,,,,,,,,,,,,,,,,,
474,,,,,,,,,,,,,,,F01620010001A,,,,,,,,,,,,,,,,,
475,,,,,,,,,,,,,,,F01620010001A,,,,,,,,,,,,,,,,,
476,,,,,,,,,,,,,,,F01620010001A,,,,,,,,,,,,,,,,,
477,,,,,,,,,,,,,,,F01620010001A,,,,,,,,,,,,,,,,,
478,,,,,,,,,,,,,,,F01620010001A,,,,,,,,,,,,,,,,,
479,,,,,,,,,,,,,,,F01620010001A,,,,,,,,,,,,,,,,,
480,,,,,,,,,,,,,,,F01620010001A,,,,,,,,,,,,,,,,,
481,,,,,,,,,,,,,,,F01620010001A,,,,,,,,,,,,,,,,,
482,,,,,,,,,,,,,,,F01620010001A,,,,,,,,,,,,,,,,,
483,,,,,,,,,,,,,,,F01620010001A,,,,,,,,,,,,,,,,,
484,,,,,,,,,,,,,,,F01620010001A,,,,,,,,,,,,,,,,,
485,,,,,,,,,,,,,,,F01620010001A,,,,,,,,,,,,,,,,,
486,,,,,,,,,,,,,,,F01620010001A,,,,,,,,,,,,,,,,,
487,,,,,,,,,,,,,,,F01620010001A,,,,,,,,,,,,,,,,,
488,,,,,,,,,,,,,,,F01620010001A,,,,,,,,,,,,,,,,,
489,,,,,,,,,,,,,,,F01620010001A,,,,,,,,,,,,,,,,,
490,,,,,,,,,,,,,,,F01620010001A,,,,,,,,,,,,,,,,,
491,,,,,,,,,,,,,,,F01620010001A,,,,,,,,,,,,,,,,,
492,,,,,,,,,,,,,,,F01620010001A,,,,,,,,,,,,,,,,,
493,,,,,,,,,,,,,,,F01620010001A,,,,,,,,,,,,,,,,,
494,,,,,,,,,,,,,,,F01620010001A,,,,,,,,,,,,,,,,,
495,,,,,,,,,,,,,,,F01620010001A,,,,,,,,,,,,,,,,,
496,,,,,,,,,,,,,,,F01620010001A,,,,,,,,,,,,,,,,,
497,,,,,,,,,,,,,,,F01620010001A,,,,,,,,,,,,,,,,,
498,,,,,,,,,,,,,,,F01620010001A,,,,,,,,,,,,,,,,,
499,,,,,,,,,,,,,,,F01620010001A,,,,,,,,,,,,,,,,,
500,,,,,,,,,,,,,,,F01620010001A,,,,,,,,,,,,,,,,,
501,,,,,,,,,,,,,,,F01620010001A,,,,,,,,,,,,,,,,,
502,,,,,,,,,,,,,,,F01620010001A,,,,,,,,,,,,,,,,,
503,,,,,,,,,,,,,,,F01620010001A,,,,,,,,,,,,,,,,,
504,,,,,,,,,,,,,,,F01620010001A,,,,,,,,,,,,,,,,,
505,,,,,,,,,,,,,,,F01620010001A,,,,,,,,,,,,,,,,,
506,,,,,,,,,,,,,,,F01620010001A,,,,,,,,,,,,,,,,,
507,,,,,,,,,,,,,,,F01620010001A,,,,,,,,,,,,,,,,,
508,,,,,,,,,,,,,,,F01620010001A,,,,,,,,,,,,,,,,,
509,,,,,,,,,,,,,,,F01620010001A,,,,,,,,,,,,,,,,,
510,,,,,,,,,,,,,,,F01620010001A,,,,,,,,,,,,,,,,,
511,,,,,,,,,,,,,,,F01620010001A,,,,,,,,,,,,,,,,,
512,,,,,,,,,,,,,,,F01620010001A,,,,,,,,,,,,,,,,,
513,,,,,,,,,,,,,,,F01620010001A,,,,,,,,,,,,,,,,,
514,,,,,,,,,,,,,,,F01620010001A,,,,,,,,,,,,,,,,,
515,,,,,,,,,,,,,,,F01620010001A,,,,,,,,,,,,,,,,,
516,,,,,,,,,,,,,,,F01620010001A,,,,,,,,,,,,,,,,,
517,,,,,,,,,,,,,,,F01620010001A,,,,,,,,,,,,,,,,,
518,,,,,,,,,,,,,,,F01620010001A,,,,,,,,,,,,,,,,,
519,,,,,,,,,,,,,,,F01620010001A,,,,,,,,,,,,,,,,,
520,,,,,,,,,,,,,,,F01620010001A,,,,,,,,,,,,,,,,,
521,,,,,,,,,,,,,,,F01620010001A,,,,,,,,,,,,,,,,,
522,,,,,,,,,,,,,,,F01620010001A,,,,,,,,,,,,,,,,,
523,,,,,,,,,,,,,,,F01620010001A,,,,,,,,,,,,,,,,,
524,,,,,,,,,,,,,,,F01620010001A,,,,,,,,,,,,,,,,,
525,,,,,,,,,,,,,,,F01620010001A,,,,,,,,,,,,,,,,,
526,,,,,,,,,,,,,,,F01620010001A,,,,,,,,,,,,,,,,,
527,,,,,,,,,,,,,,,F01620010001A,,,,,,,,,,,,,,,,,
528,,,,,,,,,,,,,,,F01620010001A,,,,,,,,,,,,,,,,,
529,,,,,,,,,,,,,,,F01620010001A,,,,,,,,,,,,,,,,,
530,,,,,,,,,,,,,,,F01620010001A,,,,,,,,,,,,,,,,,
531,,,,,,,,,,,,,,,F01620010001A,,,,,,,,,,,,,,,,,
532,,,,,,,,,,,,,,,F01620010001A,,,,,,,,,,,,,,,,,
533,,,,,,,,,,,,,,,F01620010001A,,,,,,,,,,,,,,,,,
534,,,,,,,,,,,,,,,F01620010001A,,,,,,,,,,,,,,,,,
535,,,,,,,,,,,,,,,F01620010001A,,,,,,,,,,,,,,,,,
536,,,,,,,,,,,,,,,F01620010001A,,,,,,,,,,,,,,,,,
537,,,,,,,,,,,,,,,F01620010001A,,,,,,,,,,,,,,,,,
538,,,,,,,,,,,,,,,F01620010001A,,,,,,,,,,,,,,,,,
539,,,,,,,,,,,,,,,F01620010001A,,,,,,,,,,,,,,,,,
540,,,,,,,,,,,,,,,F01620010001A,,,,,,,,,,,,,,,,,
541,,,,,,,,,,,,,,,F01620010001A,,,,,,,,,,,,,,,,,
542,,,,,,,,,,,,,,,F01620010001A,,,,,,,,,,,,,,,,,
543,,,,,,,,,,,,,,,F01620010001A,,,,,,,,,,,,,,,,,
544,,,,,,,,,,,,,,,F01620010001A,,,,,,,,,,,,,,,,,
545,,,,,,,,,,,,,,,F01620010001A,,,,,,,,,,,,,,,,,
546,,,,,,,,,,,,,,,F01620010001A,,,,,,,,,,,,,,,,,
547,,,,,,,,,,,,,,,F01620010001A,,,,,,,,,,,,,,,,,
548,,,,,,,,,,,,,,,F01620010001A,,,,,,,,,,,,,,,,,
549,,,,,,,,,,,,,,,F01620010001A,,,,,,,,,,,,,,,,,
550,,,,,,,,,,,,,,,F01620010001A,,,,,,,,,,,,,,,,,
551,,,,,,,,,,,,,,,F01620010001A,,,,,,,,,,,,,,,,,
552,,,,,,,,,,,,,,,F01620010001A,,,,,,,,,,,,,,,,,
553,,,,,,,,,,,,,,,F01620010001A,,,,,,,,,,,,,,,,,
554,,,,,,,,,,,,,,,F01620010001A,,,,,,,,,,,,,,,,,
555,,,,,,,,,,,,,,,F01620010001A,,,,,,,,,,,,,,,,,
556,,,,,,,,,,,,,,,F01620010001A,,,,,,,,,,,,,,,,,
557,,,,,,,,,,,,,,,F01620010001A,,,,,,,,,,,,,,,,,
558,,,,,,,,,,,,,,,F01620010001A,,,,,,,,,,,,,,,,,
559,,,,,,,,,,,,,,,F01620010001A,,,,,,,,,,,,,,,,,
560,,,,,,,,,,,,,,,F01620010001A,,,,,,,,,,,,,,,,,
561,,,,,,,,,,,,,,,F01620010001A,,,,,,,,,,,,,,,,,
562,,,,,,,,,,,,,,,F01620010001A,,,,,,,,,,,,,,,,,
563,,,,,,,,,,,,,,,F01620010001A,,,,,,,,,,,,,,,,,
564,,,,,,,,,,,,,,,F01620010001A,,,,,,,,,,,,,,,,,
565,,,,,,,,,,,,,,,F01620010001A,,,,,,,,,,,,,,,,,
566,,,,,,,,,,,,,,,F01620010001A,,,,,,,,,,,,,,,,,
567,,,,,,,,,,,,,,,F01620010001A,,,,,,,,,,,,,,,,,
568,,,,,,,,,,,,,,,F01620010001A,,,,,,,,,,,,,,,,,
569,,,,,,,,,,,,,,,F01620010001A,,,,,,,,,,,,,,,,,
570,,,,,,,,,,,,,,,F01620010001A,,,,,,,,,,,,,,,,,
571,,,,,,,,,,,,,,,F01620010001A,,,,,,,,,,,,,,,,,
572,,,,,,,,,,,,,,,F01620010001A,,,,,,,,,,,,,,,,,
573,,,,,,,,,,,,,,,F01620010001A,,,,,,,,,,,,,,,,,
574,,,,,,,,,,,,,,,F01620010001A,,,,,,,,,,,,,,,,,
575,,,,,,,,,,,,,,,F01620010001A,,,,,,,,,,,,,,,,,
576,,,,,,,,,,,,,,,F01620010001A,,,,,,,,,,,,,,,,,
577,,,,,,,,,,,,,,,F01620010001A,,,,,,,,,,,,,,,,,
578,,,,,,,,,,,,,,,F01620010001A,,,,,,,,,,,,,,,,,
579,,,,,,,,,,,,,,,F01620010001A,,,,,,,,,,,,,,,,,
580,,,,,,,,,,,,,,,F01620010001A,,,,,,,,,,,,,,,,,
581,,,,,,,,,,,,,,,F01620010001A,,,,,,,,,,,,,,,,,
582,,,,,,,,,,,,,,,F01620010001A,,,,,,,,,,,,,,,,,
583,,,,,,,,,,,,,,,F01620010001A,,,,,,,,,,,,,,,,,
584,,,,,,,,,,,,,,,F01620010001A,,,,,,,,,,,,,,,,,
585,,,,,,,,,,,,,,,F01620010001A,,,,,,,,,,,,,,,,,
586,,,,,,,,,,,,,,,F01620010001A,,,,,,,,,,,,,,,,,
587,,,,,,,,,,,,,,,F01620010001A,,,,,,,,,,,,,,,,,
588,,,,,,,,,,,,,,,F01620010001A,,,,,,,,,,,,,,,,,
589,,,,,,,,,,,,,,,F01620010001A,,,,,,,,,,,,,,,,,
590,,,,,,,,,,,,,,,F01620010001A,,,,,,,,,,,,,,,,,
591,,,,,,,,,,,,,,,F01620010001A,,,,,,,,,,,,,,,,,
592,,,,,,,,,,,,,,,F01620010001A,,,,,,,,,,,,,,,,,
593,,,,,,,,,,,,,,,F01620010001A,,,,,,,,,,,,,,,,,
594,,,,,,,,,,,,,,,F01620010001A,,,,,,,,,,,,,,,,,
595,,,,,,,,,,,,,,,F01620010001A,,,,,,,,,,,,,,,,,
596,,,,,,,,,,,,,,,F01620010001A,,,,,,,,,,,,,,,,,
597,,,,,,,,,,,,,,,F01620010001A,,,,,,,,,,,,,,,,,
598,,,,,,,,,,,,,,,F01620010001A,,,,,,,,,,,,,,,,,
599,,,,,,,,,,,,,,,,,,,,,,,,,,,,,,,,
600,,,,,,,,,,,,,,,,,,,,,,,,,,,,,,,,
601,,,,,,,,,,,,,,,,,,,,,,,,,,,,,,,,
602,,,,,,,,,,,,,,,,,,,,,,,,,,,,,,,,
603,,,,,,,,,,,,,,,,,,,,,,,,,,,,,,,,
604,,,,,,,,,,,,,,,,,,,,,,,,,,,,,,,,
605,,,,,,,,,,,,,,,,,,,,,,,,,,,,,,,,
606,,,,,,,,,,,,,,,,,,,,,,,,,,,,,,,,
607,,,,,,,,,,,,,,,,,,,,,,,,,,,,,,,,
608,,,,,,,,,,,,,,,,,,,,,,,,,,,,,,,,
609,,,,,,,,,,,,,,,,,,,,,,,,,,,,,,,,
610,,,,,,,,,,,,,,,,,,,,,,,,,,,,,,,,
611,,,,,,,,,,,,,,,,,,,,,,,,,,,,,,,,
612,,,,,,,,,,,,,,,,,,,,,,,,,,,,,,,,
613,,,,,,,,,,,,,,,,,,,,,,,,,,,,,,,,
614,,,,,,,,,,,,,,,,,,,,,,,,,,,,,,,,
615,,,,,,,,,,,,,,,,,,,,,,,,,,,,,,,,
616,,,,,,,,,,,,,,,,,,,,,,,,,,,,,,,,
617,,,,,,,,,,,,,,,,,,,,,,,,,,,,,,,,
618,,,,,,,,,,,,,,,,,,,,,,,,,,,,,,,,
619,,,,,,,,,,,,,,,,,,,,,,,,,,,,,,,,
620,,,,,,,,,,,,,,,,,,,,,,,,,,,,,,,,
621,,,,,,,,,,,,,,,,,,,,,,,,,,,,,,,,
622,,,,,,,,,,,,,,,,,,,,,,,,,,,,,,,,
623,,,,,,,,,,,,,,,,,,,,,,,,,,,,,,,,
624,,,,,,,,,,,,,,,,,,,,,,,,,,,,,,,,
625,,,,,,,,,,,,,,,,,,,,,,,,,,,,,,,,
626,,,,,,,,,,,,,,,,,,,,,,,,,,,,,,,,
627,,,,,,,,,,,,,,,,,,,,,,,,,,,,,,,,
628,,,,,,,,,,,,,,,,,,,,,,,,,,,,,,,,
629,,,,,,,,,,,,,,,,,,,,,,,,,,,,,,,,
630,,,,,,,,,,,,,,,,,,,,,,,,,,,,,,,,
631,,,,,,,,,,,,,,,,,,,,,,,,,,,,,,,,
632,,,,,,,,,,,,,,,,,,,,,,,,,,,,,,,,
633,,,,,,,,,,,,,,,,,,,,,,,,,,,,,,,,
634,,,,,,,,,,,,,,,,,,,,,,,,,,,,,,,,
635,,,,,,,,,,,,,,,,,,,,,,,,,,,,,,,,
636,,,,,,,,,,,,,,,,,,,,,,,,,,,,,,,,
637,,,,,,,,,,,,,,,,,,,,,,,,,,,,,,,,
638,,,,,,,,,,,,,,,,,,,,,,,,,,,,,,,,
639,,,,,,,,,,,,,,,,,,,,,,,,,,,,,,,,
640,,,,,,,,,,,,,,,,,,,,,,,,,,,,,,,,
641,,,,,,,,,,,,,,,,,,,,,,,,,,,,,,,,
642,,,,,,,,,,,,,,,,,,,,,,,,,,,,,,,,
643,,,,,,,,,,,,,,,,,,,,,,,,,,,,,,,,
644,,,,,,,,,,,,,,,,,,,,,,,,,,,,,,,,
645,,,,,,,,,,,,,,,,,,,,,,,,,,,,,,,,
646,,,,,,,,,,,,,,,,,,,,,,,,,,,,,,,,
647,,,,,,,,,,,,,,,,,,,,,,,,,,,,,,,,
648,,,,,,,,,,,,,,,,,,,,,,,,,,,,,,,,
649,,,,,,,,,,,,,,,,,,,,,,,,,,,,,,,,
650,,,,,,,,,,,,,,,,,,,,,,,,,,,,,,,,
651,,,,,,,,,,,,,,,,,,,,,,,,,,,,,,,,
652,,,,,,,,,,,,,,,,,,,,,,,,,,,,,,,,
653,,,,,,,,,,,,,,,,,,,,,,,,,,,,,,,,
654,,,,,,,,,,,,,,,,,,,,,,,,,,,,,,,,
655,,,,,,,,,,,,,,,,,,,,,,,,,,,,,,,,
656,,,,,,,,,,,,,,,,,,,,,,,,,,,,,,,,
657,,,,,,,,,,,,,,,,,,,,,,,,,,,,,,,,
658,,,,,,,,,,,,,,,,,,,,,,,,,,,,,,,,
659,,,,,,,,,,,,,,,,,,,,,,,,,,,,,,,,
660,,,,,,,,,,,,,,,,,,,,,,,,,,,,,,,,
661,,,,,,,,,,,,,,,,,,,,,,,,,,,,,,,,
662,,,,,,,,,,,,,,,,,,,,,,,,,,,,,,,,
663,,,,,,,,,,,,,,,,,,,,,,,,,,,,,,,,
664,,,,,,,,,,,,,,,,,,,,,,,,,,,,,,,,
665,,,,,,,,,,,,,,,,,,,,,,,,,,,,,,,,
666,,,,,,,,,,,,,,,,,,,,,,,,,,,,,,,,
667,,,,,,,,,,,,,,,,,,,,,,,,,,,,,,,,
668,,,,,,,,,,,,,,,,,,,,,,,,,,,,,,,,
669,,,,,,,,,,,,,,,,,,,,,,,,,,,,,,,,
670,,,,,,,,,,,,,,,,,,,,,,,,,,,,,,,,
671,,,,,,,,,,,,,,,,,,,,,,,,,,,,,,,,
672,,,,,,,,,,,,,,,,,,,,,,,,,,,,,,,,
673,,,,,,,,,,,,,,,,,,,,,,,,,,,,,,,,
674,,,,,,,,,,,,,,,,,,,,,,,,,,,,,,,,
675,,,,,,,,,,,,,,,,,,,,,,,,,,,,,,,,
676,,,,,,,,,,,,,,,,,,,,,,,,,,,,,,,,
677,,,,,,,,,,,,,,,,,,,,,,,,,,,,,,,,
678,,,,,,,,,,,,,,,,,,,,,,,,,,,,,,,,
679,,,,,,,,,,,,,,,,,,,,,,,,,,,,,,,,
680,,,,,,,,,,,,,,,,,,,,,,,,,,,,,,,,
681,,,,,,,,,,,,,,,,,,,,,,,,,,,,,,,,
682,,,,,,,,,,,,,,,,,,,,,,,,,,,,,,,,
683,,,,,,,,,,,,,,,,,,,,,,,,,,,,,,,,
684,,,,,,,,,,,,,,,,,,,,,,,,,,,,,,,,
685,,,,,,,,,,,,,,,,,,,,,,,,,,,,,,,,
686,,,,,,,,,,,,,,,,,,,,,,,,,,,,,,,,
687,,,,,,,,,,,,,,,,,,,,,,,,,,,,,,,,
688,,,,,,,,,,,,,,,,,,,,,,,,,,,,,,,,
689,,,,,,,,,,,,,,,,,,,,,,,,,,,,,,,,
690,,,,,,,,,,,,,,,,,,,,,,,,,,,,,,,,
691,,,,,,,,,,,,,,,,,,,,,,,,,,,,,,,,
692,,,,,,,,,,,,,,,,,,,,,,,,,,,,,,,,
693,,,,,,,,,,,,,,,,,,,,,,,,,,,,,,,,
694,,,,,,,,,,,,,,,,,,,,,,,,,,,,,,,,
695,,,,,,,,,,,,,,,,,,,,,,,,,,,,,,,,
696,,,,,,,,,,,,,,,,,,,,,,,,,,,,,,,,
697,,,,,,,,,,,,,,,,,,,,,,,,,,,,,,,,
698,,,,,,,,,,,,,,,,,,,,,,,,,,,,,,,,
699,,,,,,,,,,,,,,,,,,,,,,,,,,,,,,,,
700,,,,,,,,,,,,,,,,,,,,,,,,,,,,,,,,
701,,,,,,,,,,,,,,,,,,,,,,,,,,,,,,,,
702,,,,,,,,,,,,,,,,,,,,,,,,,,,,,,,,
703,,,,,,,,,,,,,,,,,,,,,,,,,,,,,,,,
704,,,,,,,,,,,,,,,,,,,,,,,,,,,,,,,,
705,,,,,,,,,,,,,,,,,,,,,,,,,,,,,,,,
706,,,,,,,,,,,,,,,,,,,,,,,,,,,,,,,,
707,,,,,,,,,,,,,,,,,,,,,,,,,,,,,,,,
708,,,,,,,,,,,,,,,,,,,,,,,,,,,,,,,,
709,,,,,,,,,,,,,,,,,,,,,,,,,,,,,,,,
710,,,,,,,,,,,,,,,,,,,,,,,,,,,,,,,,
711,,,,,,,,,,,,,,,,,,,,,,,,,,,,,,,,
712,,,,,,,,,,,,,,,,,,,,,,,,,,,,,,,,
713,,,,,,,,,,,,,,,,,,,,,,,,,,,,,,,,
714,,,,,,,,,,,,,,,,,,,,,,,,,,,,,,,,
715,,,,,,,,,,,,,,,,,,,,,,,,,,,,,,,,
716,,,,,,,,,,,,,,,,,,,,,,,,,,,,,,,,
717,,,,,,,,,,,,,,,,,,,,,,,,,,,,,,,,
718,,,,,,,,,,,,,,,,,,,,,,,,,,,,,,,,
719,,,,,,,,,,,,,,,,,,,,,,,,,,,,,,,,
720,,,,,,,,,,,,,,,,,,,,,,,,,,,,,,,,
721,,,,,,,,,,,,,,,,,,,,,,,,,,,,,,,,
722,,,,,,,,,,,,,,,,,,,,,,,,,,,,,,,,
723,,,,,,,,,,,,,,,,,,,,,,,,,,,,,,,,
724,,,,,,,,,,,,,,,,,,,,,,,,,,,,,,,,
725,,,,,,,,,,,,,,,,,,,,,,,,,,,,,,,,
726,,,,,,,,,,,,,,,,,,,,,,,,,,,,,,,,
727,,,,,,,,,,,,,,,,,,,,,,,,,,,,,,,,
728,,,,,,,,,,,,,,,,,,,,,,,,,,,,,,,,
729,,,,,,,,,,,,,,,,,,,,,,,,,,,,,,,,
730,,,,,,,,,,,,,,,,,,,,,,,,,,,,,,,,
731,,,,,,,,,,,,,,,,,,,,,,,,,,,,,,,,
732,,,,,,,,,,,,,,,,,,,,,,,,,,,,,,,,
733,,,,,,,,,,,,,,,,,,,,,,,,,,,,,,,,
734,,,,,,,,,,,,,,,,,,,,,,,,,,,,,,,,
735,,,,,,,,,,,,,,,,,,,,,,,,,,,,,,,,
736,,,,,,,,,,,,,,,,,,,,,,,,,,,,,,,,
737,,,,,,,,,,,,,,,,,,,,,,,,,,,,,,,,
738,,,,,,,,,,,,,,,,,,,,,,,,,,,,,,,,
739,,,,,,,,,,,,,,,,,,,,,,,,,,,,,,,,
740,,,,,,,,,,,,,,,,,,,,,,,,,,,,,,,,
741,,,,,,,,,,,,,,,,,,,,,,,,,,,,,,,,
742,,,,,,,,,,,,,,,,,,,,,,,,,,,,,,,,
743,,,,,,,,,,,,,,,,,,,,,,,,,,,,,,,,
744,,,,,,,,,,,,,,,,,,,,,,,,,,,,,,,,
745,,,,,,,,,,,,,,,,,,,,,,,,,,,,,,,,
746,,,,,,,,,,,,,,,,,,,,,,,,,,,,,,,,
747,,,,,,,,,,,,,,,,,,,,,,,,,,,,,,,,
748,,,,,,,,,,,,,,,,,,,,,,,,,,,,,,,,
749,,,,,,,,,,,,,,,,,,,,,,,,,,,,,,,,
750,,,,,,,,,,,,,,,,,,,,,,,,,,,,,,,,
751,,,,,,,,,,,,,,,,,,,,,,,,,,,,,,,,
752,,,,,,,,,,,,,,,,,,,,,,,,,,,,,,,,
753,,,,,,,,,,,,,,,,,,,,,,,,,,,,,,,,
754,,,,,,,,,,,,,,,,,,,,,,,,,,,,,,,,
755,,,,,,,,,,,,,,,,,,,,,,,,,,,,,,,,
756,,,,,,,,,,,,,,,,,,,,,,,,,,,,,,,,
757,,,,,,,,,,,,,,,,,,,,,,,,,,,,,,,,
758,,,,,,,,,,,,,,,,,,,,,,,,,,,,,,,,
759,,,,,,,,,,,,,,,,,,,,,,,,,,,,,,,,
760,,,,,,,,,,,,,,,,,,,,,,,,,,,,,,,,
761,,,,,,,,,,,,,,,,,,,,,,,,,,,,,,,,
762,,,,,,,,,,,,,,,,,,,,,,,,,,,,,,,,
763,,,,,,,,,,,,,,,,,,,,,,,,,,,,,,,,
764,,,,,,,,,,,,,,,,,,,,,,,,,,,,,,,,
765,,,,,,,,,,,,,,,,,,,,,,,,,,,,,,,,
766,,,,,,,,,,,,,,,,,,,,,,,,,,,,,,,,
767,,,,,,,,,,,,,,,,,,,,,,,,,,,,,,,,
768,,,,,,,,,,,,,,,,,,,,,,,,,,,,,,,,
769,,,,,,,,,,,,,,,,,,,,,,,,,,,,,,,,
770,,,,,,,,,,,,,,,,,,,,,,,,,,,,,,,,
771,,,,,,,,,,,,,,,,,,,,,,,,,,,,,,,,
772,,,,,,,,,,,,,,,,,,,,,,,,,,,,,,,,
773,,,,,,,,,,,,,,,,,,,,,,,,,,,,,,,,
774,,,,,,,,,,,,,,,,,,,,,,,,,,,,,,,,
775,,,,,,,,,,,,,,,,,,,,,,,,,,,,,,,,
776,,,,,,,,,,,,,,,,,,,,,,,,,,,,,,,,
777,,,,,,,,,,,,,,,,,,,,,,,,,,,,,,,,
778,,,,,,,,,,,,,,,,,,,,,,,,,,,,,,,,
779,,,,,,,,,,,,,,,,,,,,,,,,,,,,,,,,
780,,,,,,,,,,,,,,,,,,,,,,,,,,,,,,,,
781,,,,,,,,,,,,,,,,,,,,,,,,,,,,,,,,
782,,,,,,,,,,,,,,,,,,,,,,,,,,,,,,,,
783,,,,,,,,,,,,,,,,,,,,,,,,,,,,,,,,
784,,,,,,,,,,,,,,,,,,,,,,,,,,,,,,,,
785,,,,,,,,,,,,,,,,,,,,,,,,,,,,,,,,
786,,,,,,,,,,,,,,,,,,,,,,,,,,,,,,,,
787,,,,,,,,,,,,,,,,,,,,,,,,,,,,,,,,
788,,,,,,,,,,,,,,,,,,,,,,,,,,,,,,,,
789,,,,,,,,,,,,,,,,,,,,,,,,,,,,,,,,
790,,,,,,,,,,,,,,,,,,,,,,,,,,,,,,,,
791,,,,,,,,,,,,,,,,,,,,,,,,,,,,,,,,
792,,,,,,,,,,,,,,,,,,,,,,,,,,,,,,,,
793,,,,,,,,,,,,,,,,,,,,,,,,,,,,,,,,
794,,,,,,,,,,,,,,,,,,,,,,,,,,,,,,,,
795,,,,,,,,,,,,,,,,,,,,,,,,,,,,,,,,
796,,,,,,,,,,,,,,,,,,,,,,,,,,,,,,,,
797,,,,,,,,,,,,,,,,,,,,,,,,,,,,,,,,
798,,,,,,,,,,,,,,,,,,,,,,,,,,,,,,,,
799,,,,,,,,,,,,,,,,,,,,,,,,,,,,,,,,
800,,,,,,,,,,,,,,,,,,,,,,,,,,,,,,,,
801,,,,,,,,,,,,,,,,,,,,,,,,,,,,,,,,
802,,,,,,,,,,,,,,,,,,,,,,,,,,,,,,,,
803,,,,,,,,,,,,,,,,,,,,,,,,,,,,,,,,
804,,,,,,,,,,,,,,,,,,,,,,,,,,,,,,,,
805,,,,,,,,,,,,,,,,,,,,,,,,,,,,,,,,
806,,,,,,,,,,,,,,,,,,,,,,,,,,,,,,,,
807,,,,,,,,,,,,,,,,,,,,,,,,,,,,,,,,
808,,,,,,,,,,,,,,,,,,,,,,,,,,,,,,,,
809,,,,,,,,,,,,,,,,,,,,,,,,,,,,,,,,
810,,,,,,,,,,,,,,,,,,,,,,,,,,,,,,,,
811,,,,,,,,,,,,,,,,,,,,,,,,,,,,,,,,
812,,,,,,,,,,,,,,,,,,,,,,,,,,,,,,,,
813,,,,,,,,,,,,,,,,,,,,,,,,,,,,,,,,
814,,,,,,,,,,,,,,,,,,,,,,,,,,,,,,,,
815,,,,,,,,,,,,,,,,,,,,,,,,,,,,,,,,
816,,,,,,,,,,,,,,,,,,,,,,,,,,,,,,,,
817,,,,,,,,,,,,,,,,,,,,,,,,,,,,,,,,
818,,,,,,,,,,,,,,,,,,,,,,,,,,,,,,,,
819,,,,,,,,,,,,,,,,,,,,,,,,,,,,,,,,
820,,,,,,,,,,,,,,,,,,,,,,,,,,,,,,,,
821,,,,,,,,,,,,,,,,,,,,,,,,,,,,,,,,
822,,,,,,,,,,,,,,,,,,,,,,,,,,,,,,,,
823,,,,,,,,,,,,,,,,,,,,,,,,,,,,,,,,
824,,,,,,,,,,,,,,,,,,,,,,,,,,,,,,,,
825,,,,,,,,,,,,,,,,,,,,,,,,,,,,,,,,
826,,,,,,,,,,,,,,,,,,,,,,,,,,,,,,,,
827,,,,,,,,,,,,,,,,,,,,,,,,,,,,,,,,
828,,,,,,,,,,,,,,,,,,,,,,,,,,,,,,,,
829,,,,,,,,,,,,,,,,,,,,,,,,,,,,,,,,
830,,,,,,,,,,,,,,,,,,,,,,,,,,,,,,,,
831,,,,,,,,,,,,,,,,,,,,,,,,,,,,,,,,
832,,,,,,,,,,,,,,,,,,,,,,,,,,,,,,,,
833,,,,,,,,,,,,,,,,,,,,,,,,,,,,,,,,
834,,,,,,,,,,,,,,,,,,,,,,,,,,,,,,,,
835,,,,,,,,,,,,,,,,,,,,,,,,,,,,,,,,
836,,,,,,,,,,,,,,,,,,,,,,,,,,,,,,,,
837,,,,,,,,,,,,,,,,,,,,,,,,,,,,,,,,
838,,,,,,,,,,,,,,,,,,,,,,,,,,,,,,,,
839,,,,,,,,,,,,,,,,,,,,,,,,,,,,,,,,
840,,,,,,,,,,,,,,,,,,,,,,,,,,,,,,,,
841,,,,,,,,,,,,,,,,,,,,,,,,,,,,,,,,
842,,,,,,,,,,,,,,,,,,,,,,,,,,,,,,,,
843,,,,,,,,,,,,,,,,,,,,,,,,,,,,,,,,
844,,,,,,,,,,,,,,,,,,,,,,,,,,,,,,,,
845,,,,,,,,,,,,,,,,,,,,,,,,,,,,,,,,
846,,,,,,,,,,,,,,,,,,,,,,,,,,,,,,,,
847,,,,,,,,,,,,,,,,,,,,,,,,,,,,,,,,
848,,,,,,,,,,,,,,,,,,,,,,,,,,,,,,,,
849,,,,,,,,,,,,,,,,,,,,,,,,,,,,,,,,
850,,,,,,,,,,,,,,,,,,,,,,,,,,,,,,,,
851,,,,,,,,,,,,,,,,,,,,,,,,,,,,,,,,
852,,,,,,,,,,,,,,,,,,,,,,,,,,,,,,,,
853,,,,,,,,,,,,,,,,,,,,,,,,,,,,,,,,
854,,,,,,,,,,,,,,,,,,,,,,,,,,,,,,,,
855,,,,,,,,,,,,,,,,,,,,,,,,,,,,,,,,
856,,,,,,,,,,,,,,,,,,,,,,,,,,,,,,,,
857,,,,,,,,,,,,,,,,,,,,,,,,,,,,,,,,
858,,,,,,,,,,,,,,,,,,,,,,,,,,,,,,,,
859,,,,,,,,,,,,,,,,,,,,,,,,,,,,,,,,
860,,,,,,,,,,,,,,,,,,,,,,,,,,,,,,,,
861,,,,,,,,,,,,,,,,,,,,,,,,,,,,,,,,
862,,,,,,,,,,,,,,,,,,,,,,,,,,,,,,,,
863,,,,,,,,,,,,,,,,,,,,,,,,,,,,,,,,
864,,,,,,,,,,,,,,,,,,,,,,,,,,,,,,,,
865,,,,,,,,,,,,,,,,,,,,,,,,,,,,,,,,
866,,,,,,,,,,,,,,,,,,,,,,,,,,,,,,,,
867,,,,,,,,,,,,,,,,,,,,,,,,,,,,,,,,
868,,,,,,,,,,,,,,,,,,,,,,,,,,,,,,,,
869,,,,,,,,,,,,,,,,,,,,,,,,,,,,,,,,
870,,,,,,,,,,,,,,,,,,,,,,,,,,,,,,,,
871,,,,,,,,,,,,,,,,,,,,,,,,,,,,,,,,
872,,,,,,,,,,,,,,,,,,,,,,,,,,,,,,,,
873,,,,,,,,,,,,,,,,,,,,,,,,,,,,,,,,
874,,,,,,,,,,,,,,,,,,,,,,,,,,,,,,,,
875,,,,,,,,,,,,,,,,,,,,,,,,,,,,,,,,
876,,,,,,,,,,,,,,,,,,,,,,,,,,,,,,,,
877,,,,,,,,,,,,,,,,,,,,,,,,,,,,,,,,
878,,,,,,,,,,,,,,,,,,,,,,,,,,,,,,,,
879,,,,,,,,,,,,,,,,,,,,,,,,,,,,,,,,
880,,,,,,,,,,,,,,,,,,,,,,,,,,,,,,,,
881,,,,,,,,,,,,,,,,,,,,,,,,,,,,,,,,
882,,,,,,,,,,,,,,,,,,,,,,,,,,,,,,,,
883,,,,,,,,,,,,,,,,,,,,,,,,,,,,,,,,
884,,,,,,,,,,,,,,,,,,,,,,,,,,,,,,,,
885,,,,,,,,,,,,,,,,,,,,,,,,,,,,,,,,
886,,,,,,,,,,,,,,,,,,,,,,,,,,,,,,,,
887,,,,,,,,,,,,,,,,,,,,,,,,,,,,,,,,
888,,,,,,,,,,,,,,,,,,,,,,,,,,,,,,,,
889,,,,,,,,,,,,,,,,,,,,,,,,,,,,,,,,
890,,,,,,,,,,,,,,,,,,,,,,,,,,,,,,,,
891,,,,,,,,,,,,,,,,,,,,,,,,,,,,,,,,
892,,,,,,,,,,,,,,,,,,,,,,,,,,,,,,,,
893,,,,,,,,,,,,,,,,,,,,,,,,,,,,,,,,
894,,,,,,,,,,,,,,,,,,,,,,,,,,,,,,,,
895,,,,,,,,,,,,,,,,,,,,,,,,,,,,,,,,
896,,,,,,,,,,,,,,,,,,,,,,,,,,,,,,,,
897,,,,,,,,,,,,,,,,,,,,,,,,,,,,,,,,
898,,,,,,,,,,,,,,,,,,,,,,,,,,,,,,,,
899,,,,,,,,,,,,,,,,,,,,,,,,,,,,,,,,
900,,,,,,,,,,,,,,,,,,,,,,,,,,,,,,,,
901,,,,,,,,,,,,,,,,,,,,,,,,,,,,,,,,
902,,,,,,,,,,,,,,,,,,,,,,,,,,,,,,,,
903,,,,,,,,,,,,,,,,,,,,,,,,,,,,,,,,
904,,,,,,,,,,,,,,,,,,,,,,,,,,,,,,,,
905,,,,,,,,,,,,,,,,,,,,,,,,,,,,,,,,
906,,,,,,,,,,,,,,,,,,,,,,,,,,,,,,,,
907,,,,,,,,,,,,,,,,,,,,,,,,,,,,,,,,
908,,,,,,,,,,,,,,,,,,,,,,,,,,,,,,,,
909,,,,,,,,,,,,,,,,,,,,,,,,,,,,,,,,
910,,,,,,,,,,,,,,,,,,,,,,,,,,,,,,,,
911,,,,,,,,,,,,,,,,,,,,,,,,,,,,,,,,
912,,,,,,,,,,,,,,,,,,,,,,,,,,,,,,,,
913,,,,,,,,,,,,,,,,,,,,,,,,,,,,,,,,
914,,,,,,,,,,,,,,,,,,,,,,,,,,,,,,,,
915,,,,,,,,,,,,,,,,,,,,,,,,,,,,,,,,
916,,,,,,,,,,,,,,,,,,,,,,,,,,,,,,,,
917,,,,,,,,,,,,,,,,,,,,,,,,,,,,,,,,
918,,,,,,,,,,,,,,,,,,,,,,,,,,,,,,,,
919,,,,,,,,,,,,,,,,,,,,,,,,,,,,,,,,
920,,,,,,,,,,,,,,,,,,,,,,,,,,,,,,,,
921,,,,,,,,,,,,,,,,,,,,,,,,,,,,,,,,
922,,,,,,,,,,,,,,,,,,,,,,,,,,,,,,,,
923,,,,,,,,,,,,,,,,,,,,,,,,,,,,,,,,
924,,,,,,,,,,,,,,,,,,,,,,,,,,,,,,,,
925,,,,,,,,,,,,,,,,,,,,,,,,,,,,,,,,
926,,,,,,,,,,,,,,,,,,,,,,,,,,,,,,,,
927,,,,,,,,,,,,,,,,,,,,,,,,,,,,,,,,
928,,,,,,,,,,,,,,,,,,,,,,,,,,,,,,,,
929,,,,,,,,,,,,,,,,,,,,,,,,,,,,,,,,
930,,,,,,,,,,,,,,,,,,,,,,,,,,,,,,,,
931,,,,,,,,,,,,,,,,,,,,,,,,,,,,,,,,
932,,,,,,,,,,,,,,,,,,,,,,,,,,,,,,,,
933,,,,,,,,,,,,,,,,,,,,,,,,,,,,,,,,
934,,,,,,,,,,,,,,,,,,,,,,,,,,,,,,,,
935,,,,,,,,,,,,,,,,,,,,,,,,,,,,,,,,
936,,,,,,,,,,,,,,,,,,,,,,,,,,,,,,,,
937,,,,,,,,,,,,,,,,,,,,,,,,,,,,,,,,
938,,,,,,,,,,,,,,,,,,,,,,,,,,,,,,,,
939,,,,,,,,,,,,,,,,,,,,,,,,,,,,,,,,
940,,,,,,,,,,,,,,,,,,,,,,,,,,,,,,,,
941,,,,,,,,,,,,,,,,,,,,,,,,,,,,,,,,
942,,,,,,,,,,,,,,,,,,,,,,,,,,,,,,,,
943,,,,,,,,,,,,,,,,,,,,,,,,,,,,,,,,
944,,,,,,,,,,,,,,,,,,,,,,,,,,,,,,,,
945,,,,,,,,,,,,,,,,,,,,,,,,,,,,,,,,
946,,,,,,,,,,,,,,,,,,,,,,,,,,,,,,,,
947,,,,,,,,,,,,,,,,,,,,,,,,,,,,,,,,
948,,,,,,,,,,,,,,,,,,,,,,,,,,,,,,,,
949,,,,,,,,,,,,,,,,,,,,,,,,,,,,,,,,
950,,,,,,,,,,,,,,,,,,,,,,,,,,,,,,,,
951,,,,,,,,,,,,,,,,,,,,,,,,,,,,,,,,
952,,,,,,,,,,,,,,,,,,,,,,,,,,,,,,,,
953,,,,,,,,,,,,,,,,,,,,,,,,,,,,,,,,
954,,,,,,,,,,,,,,,,,,,,,,,,,,,,,,,,
955,,,,,,,,,,,,,,,,,,,,,,,,,,,,,,,,
956,,,,,,,,,,,,,,,,,,,,,,,,,,,,,,,,
957,,,,,,,,,,,,,,,,,,,,,,,,,,,,,,,,
958,,,,,,,,,,,,,,,,,,,,,,,,,,,,,,,,
959,,,,,,,,,,,,,,,,,,,,,,,,,,,,,,,,
960,,,,,,,,,,,,,,,,,,,,,,,,,,,,,,,,
961,,,,,,,,,,,,,,,,,,,,,,,,,,,,,,,,
962,,,,,,,,,,,,,,,,,,,,,,,,,,,,,,,,
963,,,,,,,,,,,,,,,,,,,,,,,,,,,,,,,,
964,,,,,,,,,,,,,,,,,,,,,,,,,,,,,,,,
965,,,,,,,,,,,,,,,,,,,,,,,,,,,,,,,,
966,,,,,,,,,,,,,,,,,,,,,,,,,,,,,,,,
967,,,,,,,,,,,,,,,,,,,,,,,,,,,,,,,,
968,,,,,,,,,,,,,,,,,,,,,,,,,,,,,,,,
969,,,,,,,,,,,,,,,,,,,,,,,,,,,,,,,,
970,,,,,,,,,,,,,,,,,,,,,,,,,,,,,,,,
971,,,,,,,,,,,,,,,,,,,,,,,,,,,,,,,,
972,,,,,,,,,,,,,,,,,,,,,,,,,,,,,,,,
973,,,,,,,,,,,,,,,,,,,,,,,,,,,,,,,,
974,,,,,,,,,,,,,,,,,,,,,,,,,,,,,,,,
975,,,,,,,,,,,,,,,,,,,,,,,,,,,,,,,,
976,,,,,,,,,,,,,,,,,,,,,,,,,,,,,,,,
977,,,,,,,,,,,,,,,,,,,,,,,,,,,,,,,,
978,,,,,,,,,,,,,,,,,,,,,,,,,,,,,,,,
979,,,,,,,,,,,,,,,,,,,,,,,,,,,,,,,,
980,,,,,,,,,,,,,,,,,,,,,,,,,,,,,,,,
981,,,,,,,,,,,,,,,,,,,,,,,,,,,,,,,,
982,,,,,,,,,,,,,,,,,,,,,,,,,,,,,,,,
983,,,,,,,,,,,,,,,,,,,,,,,,,,,,,,,,
984,,,,,,,,,,,,,,,,,,,,,,,,,,,,,,,,
985,,,,,,,,,,,,,,,,,,,,,,,,,,,,,,,,
986,,,,,,,,,,,,,,,,,,,,,,,,,,,,,,,,
987,,,,,,,,,,,,,,,,,,,,,,,,,,,,,,,,
988,,,,,,,,,,,,,,,,,,,,,,,,,,,,,,,,
989,,,,,,,,,,,,,,,,,,,,,,,,,,,,,,,,
990,,,,,,,,,,,,,,,,,,,,,,,,,,,,,,,,
991,,,,,,,,,,,,,,,,,,,,,,,,,,,,,,,,
992,,,,,,,,,,,,,,,,,,,,,,,,,,,,,,,,
993,,,,,,,,,,,,,,,,,,,,,,,,,,,,,,,,
994,,,,,,,,,,,,,,,,,,,,,,,,,,,,,,,,
995,,,,,,,,,,,,,,,,,,,,,,,,,,,,,,,,
996,,,,,,,,,,,,,,,,,,,,,,,,,,,,,,,,
997,,,,,,,,,,,,,,,,,,,,,,,,,,,,,,,,
998,,,,,,,,,,,,,,,,,,,,,,,,,,,,,,,,
999,,,,,,,,,,,,,,,,,,,,,,,,,,,,,,,,
1000,,,,,,,,,,,,,,,,,,,,,,,,,,,,,,,,
1001,,,,,,,,,,,,,,,,,,,,,,,,,,,,,,,,
1002,,,,,,,,,,,,,,,,,,,,,,,,,,,,,,,,
1003,,,,,,,,,,,,,,,,,,,,,,,,,,,,,,,,
1004,,,,,,,,,,,,,,,,,,,,,,,,,,,,,,,,
1005,,,,,,,,,,,,,,,,,,,,,,,,,,,,,,,,
1006,,,,,,,,,,,,,,,,,,,,,,,,,,,,,,,,
1007,,,,,,,,,,,,,,,,,,,,,,,,,,,,,,,,
1008,,,,,,,,,,,,,,,,,,,,,,,,,,,,,,,,
1009,,,,,,,,,,,,,,,,,,,,,,,,,,,,,,,,
1010,,,,,,,,,,,,,,,,,,,,,,,,,,,,,,,,
1011,,,,,,,,,,,,,,,,,,,,,,,,,,,,,,,,
1012,,,,,,,,,,,,,,,,,,,,,,,,,,,,,,,,
1013,,,,,,,,,,,,,,,,,,,,,,,,,,,,,,,,
1014,,,,,,,,,,,,,,,,,,,,,,,,,,,,,,,,
1015,,,,,,,,,,,,,,,,,,,,,,,,,,,,,,,,
1016,,,,,,,,,,,,,,,,,,,,,,,,,,,,,,,,
1017,,,,,,,,,,,,,,,,,,,,,,,,,,,,,,,,
1018,,,,,,,,,,,,,,,,,,,,,,,,,,,,,,,,
1019,,,,,,,,,,,,,,,,,,,,,,,,,,,,,,,,
1020,,,,,,,,,,,,,,,,,,,,,,,,,,,,,,,,
1021,,,,,,,,,,,,,,,,,,,,,,,,,,,,,,,,
1022,,,,,,,,,,,,,,,,,,,,,,,,,,,,,,,,
1023,,,,,,,,,,,,,,,,,,,,,,,,,,,,,,,,
1024,,,,,,,,,,,,,,,,,,,,,,,,,,,,,,,,
1025,,,,,,,,,,,,,,,,,,,,,,,,,,,,,,,,
1026,,,,,,,,,,,,,,,,,,,,,,,,,,,,,,,,
1027,,,,,,,,,,,,,,,,,,,,,,,,,,,,,,,,
1028,,,,,,,,,,,,,,,,,,,,,,,,,,,,,,,,
1029,,,,,,,,,,,,,,,,,,,,,,,,,,,,,,,,
1030,,,,,,,,,,,,,,,,,,,,,,,,,,,,,,,,
1031,,,,,,,,,,,,,,,,,,,,,,,,,,,,,,,,
1032,,,,,,,,,,,,,,,,,,,,,,,,,,,,,,,,
1033,,,,,,,,,,,,,,,,,,,,,,,,,,,,,,,,
1034,,,,,,,,,,,,,,,,,,,,,,,,,,,,,,,,
1035,,,,,,,,,,,,,,,,,,,,,,,,,,,,,,,,
1036,,,,,,,,,,,,,,,,,,,,,,,,,,,,,,,,
1037,,,,,,,,,,,,,,,,,,,,,,,,,,,,,,,,
1038,,,,,,,,,,,,,,,,,,,,,,,,,,,,,,,,
1039,,,,,,,,,,,,,,,,,,,,,,,,,,,,,,,,
1040,,,,,,,,,,,,,,,,,,,,,,,,,,,,,,,,
1041,,,,,,,,,,,,,,,,,,,,,,,,,,,,,,,,
1042,,,,,,,,,,,,,,,,,,,,,,,,,,,,,,,,
1043,,,,,,,,,,,,,,,,,,,,,,,,,,,,,,,,
1044,,,,,,,,,,,,,,,,,,,,,,,,,,,,,,,,
1045,,,,,,,,,,,,,,,,,,,,,,,,,,,,,,,,
1046,,,,,,,,,,,,,,,,,,,,,,,,,,,,,,,,
1047,,,,,,,,,,,,,,,,,,,,,,,,,,,,,,,,
1048,,,,,,,,,,,,,,,,,,,,,,,,,,,,,,,,
1049,,,,,,,,,,,,,,,,,,,,,,,,,,,,,,,,
1050,,,,,,,,,,,,,,,,,,,,,,,,,,,,,,,,
1051,,,,,,,,,,,,,,,,,,,,,,,,,,,,,,,,
1052,,,,,,,,,,,,,,,,,,,,,,,,,,,,,,,,
1053,,,,,,,,,,,,,,,,,,,,,,,,,,,,,,,,
1054,,,,,,,,,,,,,,,,,,,,,,,,,,,,,,,,
1055,,,,,,,,,,,,,,,,,,,,,,,,,,,,,,,,
1056,,,,,,,,,,,,,,,,,,,,,,,,,,,,,,,,
1057,,,,,,,,,,,,,,,,,,,,,,,,,,,,,,,,
1058,,,,,,,,,,,,,,,,,,,,,,,,,,,,,,,,
1059,,,,,,,,,,,,,,,,,,,,,,,,,,,,,,,,
1060,,,,,,,,,,,,,,,,,,,,,,,,,,,,,,,,
1061,,,,,,,,,,,,,,,,,,,,,,,,,,,,,,,,
1062,,,,,,,,,,,,,,,,,,,,,,,,,,,,,,,,
1063,,,,,,,,,,,,,,,,,,,,,,,,,,,,,,,,
1064,,,,,,,,,,,,,,,,,,,,,,,,,,,,,,,,
1065,,,,,,,,,,,,,,,,,,,,,,,,,,,,,,,,
1066,,,,,,,,,,,,,,,,,,,,,,,,,,,,,,,,
1067,,,,,,,,,,,,,,,,,,,,,,,,,,,,,,,,
1068,,,,,,,,,,,,,,,,,,,,,,,,,,,,,,,,
1069,,,,,,,,,,,,,,,,,,,,,,,,,,,,,,,,
1070,,,,,,,,,,,,,,,,,,,,,,,,,,,,,,,,
1071,,,,,,,,,,,,,,,,,,,,,,,,,,,,,,,,
1072,,,,,,,,,,,,,,,,,,,,,,,,,,,,,,,,
1073,,,,,,,,,,,,,,,,,,,,,,,,,,,,,,,,
1074,,,,,,,,,,,,,,,,,,,,,,,,,,,,,,,,
1075,,,,,,,,,,,,,,,,,,,,,,,,,,,,,,,,
1076,,,,,,,,,,,,,,,,,,,,,,,,,,,,,,,,
1077,,,,,,,,,,,,,,,,,,,,,,,,,,,,,,,,
1078,,,,,,,,,,,,,,,,,,,,,,,,,,,,,,,,
1079,,,,,,,,,,,,,,,,,,,,,,,,,,,,,,,,
1080,,,,,,,,,,,,,,,,,,,,,,,,,,,,,,,,
1081,,,,,,,,,,,,,,,,,,,,,,,,,,,,,,,,
1082,,,,,,,,,,,,,,,,,,,,,,,,,,,,,,,,
1083,,,,,,,,,,,,,,,,,,,,,,,,,,,,,,,,
1084,,,,,,,,,,,,,,,,,,,,,,,,,,,,,,,,
1085,,,,,,,,,,,,,,,,,,,,,,,,,,,,,,,,
1086,,,,,,,,,,,,,,,,,,,,,,,,,,,,,,,,
1087,,,,,,,,,,,,,,,,,,,,,,,,,,,,,,,,
1088,,,,,,,,,,,,,,,,,,,,,,,,,,,,,,,,
1089,,,,,,,,,,,,,,,,,,,,,,,,,,,,,,,,
1090,,,,,,,,,,,,,,,,,,,,,,,,,,,,,,,,
1091,,,,,,,,,,,,,,,,,,,,,,,,,,,,,,,,
1092,,,,,,,,,,,,,,,,,,,,,,,,,,,,,,,,
1093,,,,,,,,,,,,,,,,,,,,,,,,,,,,,,,,
1094,,,,,,,,,,,,,,,,,,,,,,,,,,,,,,,,
1095,,,,,,,,,,,,,,,,,,,,,,,,,,,,,,,,
1096,,,,,,,,,,,,,,,,,,,,,,,,,,,,,,,,
1097,,,,,,,,,,,,,,,,,,,,,,,,,,,,,,,,
1098,,,,,,,,,,,,,,,,,,,,,,,,,,,,,,,,
1099,,,,,,,,,,,,,,,,,,,,,,,,,,,,,,,,
1100,,,,,,,,,,,,,,,,,,,,,,,,,,,,,,,,
1101,,,,,,,,,,,,,,,,,,,,,,,,,,,,,,,,
1102,,,,,,,,,,,,,,,,,,,,,,,,,,,,,,,,
1103,,,,,,,,,,,,,,,,,,,,,,,,,,,,,,,,
1104,,,,,,,,,,,,,,,,,,,,,,,,,,,,,,,,
1105,,,,,,,,,,,,,,,,,,,,,,,,,,,,,,,,
1106,,,,,,,,,,,,,,,,,,,,,,,,,,,,,,,,
1107,,,,,,,,,,,,,,,,,,,,,,,,,,,,,,,,
1108,,,,,,,,,,,,,,,,,,,,,,,,,,,,,,,,
1109,,,,,,,,,,,,,,,,,,,,,,,,,,,,,,,,
1110,,,,,,,,,,,,,,,,,,,,,,,,,,,,,,,,
1111,,,,,,,,,,,,,,,,,,,,,,,,,,,,,,,,
1112,,,,,,,,,,,,,,,,,,,,,,,,,,,,,,,,
1113,,,,,,,,,,,,,,,,,,,,,,,,,,,,,,,,
1114,,,,,,,,,,,,,,,,,,,,,,,,,,,,,,,,
1115,,,,,,,,,,,,,,,,,,,,,,,,,,,,,,,,
1116,,,,,,,,,,,,,,,,,,,,,,,,,,,,,,,,
1117,,,,,,,,,,,,,,,,,,,,,,,,,,,,,,,,
1118,,,,,,,,,,,,,,,,,,,,,,,,,,,,,,,,
1119,,,,,,,,,,,,,,,,,,,,,,,,,,,,,,,,
1120,,,,,,,,,,,,,,,,,,,,,,,,,,,,,,,,
1121,,,,,,,,,,,,,,,,,,,,,,,,,,,,,,,,
1122,,,,,,,,,,,,,,,,,,,,,,,,,,,,,,,,
1123,,,,,,,,,,,,,,,,,,,,,,,,,,,,,,,,
1124,,,,,,,,,,,,,,,,,,,,,,,,,,,,,,,,
1125,,,,,,,,,,,,,,,,,,,,,,,,,,,,,,,,
1126,,,,,,,,,,,,,,,,,,,,,,,,,,,,,,,,
1127,,,,,,,,,,,,,,,,,,,,,,,,,,,,,,,,
1128,,,,,,,,,,,,,,,,,,,,,,,,,,,,,,,,
1129,,,,,,,,,,,,,,,,,,,,,,,,,,,,,,,,
1130,,,,,,,,,,,,,,,,,,,,,,,,,,,,,,,,
1131,,,,,,,,,,,,,,,,,,,,,,,,,,,,,,,,
1132,,,,,,,,,,,,,,,,,,,,,,,,,,,,,,,,
1133,,,,,,,,,,,,,,,,,,,,,,,,,,,,,,,,
1134,,,,,,,,,,,,,,,,,,,,,,,,,,,,,,,,
1135,,,,,,,,,,,,,,,,,,,,,,,,,,,,,,,,
1136,,,,,,,,,,,,,,,,,,,,,,,,,,,,,,,,
1137,,,,,,,,,,,,,,,,,,,,,,,,,,,,,,,,
1138,,,,,,,,,,,,,,,,,,,,,,,,,,,,,,,,
1139,,,,,,,,,,,,,,,,,,,,,,,,,,,,,,,,
1140,,,,,,,,,,,,,,,,,,,,,,,,,,,,,,,,
1141,,,,,,,,,,,,,,,,,,,,,,,,,,,,,,,,
1142,,,,,,,,,,,,,,,,,,,,,,,,,,,,,,,,
1143,,,,,,,,,,,,,,,,,,,,,,,,,,,,,,,,
1144,,,,,,,,,,,,,,,,,,,,,,,,,,,,,,,,
1145,,,,,,,,,,,,,,,,,,,,,,,,,,,,,,,,
1146,,,,,,,,,,,,,,,,,,,,,,,,,,,,,,,,
1147,,,,,,,,,,,,,,,,,,,,,,,,,,,,,,,,
1148,,,,,,,,,,,,,,,,,,,,,,,,,,,,,,,,
1149,,,,,,,,,,,,,,,,,,,,,,,,,,,,,,,,
1150,,,,,,,,,,,,,,,,,,,,,,,,,,,,,,,,
1151,,,,,,,,,,,,,,,,,,,,,,,,,,,,,,,,
1152,,,,,,,,,,,,,,,,,,,,,,,,,,,,,,,,
1153,,,,,,,,,,,,,,,,,,,,,,,,,,,,,,,,
1154,,,,,,,,,,,,,,,,,,,,,,,,,,,,,,,,
1155,,,,,,,,,,,,,,,,,,,,,,,,,,,,,,,,
1156,,,,,,,,,,,,,,,,,,,,,,,,,,,,,,,,
1157,,,,,,,,,,,,,,,,,,,,,,,,,,,,,,,,
1158,,,,,,,,,,,,,,,,,,,,,,,,,,,,,,,,
1159,,,,,,,,,,,,,,,,,,,,,,,,,,,,,,,,
1160,,,,,,,,,,,,,,,,,,,,,,,,,,,,,,,,
1161,,,,,,,,,,,,,,,,,,,,,,,,,,,,,,,,
1162,,,,,,,,,,,,,,,,,,,,,,,,,,,,,,,,
1163,,,,,,,,,,,,,,,,,,,,,,,,,,,,,,,,
1164,,,,,,,,,,,,,,,,,,,,,,,,,,,,,,,,
1165,,,,,,,,,,,,,,,,,,,,,,,,,,,,,,,,
1166,,,,,,,,,,,,,,,,,,,,,,,,,,,,,,,,
1167,,,,,,,,,,,,,,,,,,,,,,,,,,,,,,,,
1168,,,,,,,,,,,,,,,,,,,,,,,,,,,,,,,,
1169,,,,,,,,,,,,,,,,,,,,,,,,,,,,,,,,
1170,,,,,,,,,,,,,,,,,,,,,,,,,,,,,,,,
1171,,,,,,,,,,,,,,,,,,,,,,,,,,,,,,,,
1172,,,,,,,,,,,,,,,,,,,,,,,,,,,,,,,,
1173,,,,,,,,,,,,,,,,,,,,,,,,,,,,,,,,
1174,,,,,,,,,,,,,,,,,,,,,,,,,,,,,,,,
1175,,,,,,,,,,,,,,,,,,,,,,,,,,,,,,,,
1176,,,,,,,,,,,,,,,,,,,,,,,,,,,,,,,,
1177,,,,,,,,,,,,,,,,,,,,,,,,,,,,,,,,
1178,,,,,,,,,,,,,,,,,,,,,,,,,,,,,,,,
1179,,,,,,,,,,,,,,,,,,,,,,,,,,,,,,,,
1180,,,,,,,,,,,,,,,,,,,,,,,,,,,,,,,,
1181,,,,,,,,,,,,,,,,,,,,,,,,,,,,,,,,
1182,,,,,,,,,,,,,,,,,,,,,,,,,,,,,,,,
1183,,,,,,,,,,,,,,,,,,,,,,,,,,,,,,,,
1184,,,,,,,,,,,,,,,,,,,,,,,,,,,,,,,,
1185,,,,,,,,,,,,,,,,,,,,,,,,,,,,,,,,
1186,,,,,,,,,,,,,,,,,,,,,,,,,,,,,,,,
1187,,,,,,,,,,,,,,,,,,,,,,,,,,,,,,,,
1188,,,,,,,,,,,,,,,,,,,,,,,,,,,,,,,,
1189,,,,,,,,,,,,,,,,,,,,,,,,,,,,,,,,
1190,,,,,,,,,,,,,,,,,,,,,,,,,,,,,,,,
1191,,,,,,,,,,,,,,,,,,,,,,,,,,,,,,,,
1192,,,,,,,,,,,,,,,,,,,,,,,,,,,,,,,,
1193,,,,,,,,,,,,,,,,,,,,,,,,,,,,,,,,
1194,,,,,,,,,,,,,,,,,,,,,,,,,,,,,,,,
1195,,,,,,,,,,,,,,,,,,,,,,,,,,,,,,,,
1196,,,,,,,,,,,,,,,,,,,,,,,,,,,,,,,,
1197,,,,,,,,,,,,,,,,,,,,,,,,,,,,,,,,
1198,,,,,,,,,,,,,,,,,,,,,,,,,,,,,,,,
1199,,,,,,,,,,,,,,,,,,,,,,,,,,,,,,,,
1200,,,,,,,,,,,,,,,,,,,,,,,,,,,,,,,,
1201,,,,,,,,,,,,,,,,,,,,,,,,,,,,,,,,
1202,,,,,,,,,,,,,,,,,,,,,,,,,,,,,,,,
1203,,,,,,,,,,,,,,,,,,,,,,,,,,,,,,,,
1204,,,,,,,,,,,,,,,,,,,,,,,,,,,,,,,,
1205,,,,,,,,,,,,,,,,,,,,,,,,,,,,,,,,
1206,,,,,,,,,,,,,,,,,,,,,,,,,,,,,,,,
1207,,,,,,,,,,,,,,,,,,,,,,,,,,,,,,,,
1208,,,,,,,,,,,,,,,,,,,,,,,,,,,,,,,,
1209,,,,,,,,,,,,,,,,,,,,,,,,,,,,,,,,
1210,,,,,,,,,,,,,,,,,,,,,,,,,,,,,,,,
1211,,,,,,,,,,,,,,,,,,,,,,,,,,,,,,,,
1212,,,,,,,,,,,,,,,,,,,,,,,,,,,,,,,,
1213,,,,,,,,,,,,,,,,,,,,,,,,,,,,,,,,
1214,,,,,,,,,,,,,,,,,,,,,,,,,,,,,,,,
1215,,,,,,,,,,,,,,,,,,,,,,,,,,,,,,,,
1216,,,,,,,,,,,,,,,,,,,,,,,,,,,,,,,,
1217,,,,,,,,,,,,,,,,,,,,,,,,,,,,,,,,
1218,,,,,,,,,,,,,,,,,,,,,,,,,,,,,,,,
1219,,,,,,,,,,,,,,,,,,,,,,,,,,,,,,,,
1220,,,,,,,,,,,,,,,,,,,,,,,,,,,,,,,,
1221,,,,,,,,,,,,,,,,,,,,,,,,,,,,,,,,
1222,,,,,,,,,,,,,,,,,,,,,,,,,,,,,,,,
1223,,,,,,,,,,,,,,,,,,,,,,,,,,,,,,,,
1224,,,,,,,,,,,,,,,,,,,,,,,,,,,,,,,,
1225,,,,,,,,,,,,,,,,,,,,,,,,,,,,,,,,
1226,,,,,,,,,,,,,,,,,,,,,,,,,,,,,,,,
1227,,,,,,,,,,,,,,,,,,,,,,,,,,,,,,,,
1228,,,,,,,,,,,,,,,,,,,,,,,,,,,,,,,,
1229,,,,,,,,,,,,,,,,,,,,,,,,,,,,,,,,
1230,,,,,,,,,,,,,,,,,,,,,,,,,,,,,,,,
1231,,,,,,,,,,,,,,,,,,,,,,,,,,,,,,,,
1232,,,,,,,,,,,,,,,,,,,,,,,,,,,,,,,,
1233,,,,,,,,,,,,,,,,,,,,,,,,,,,,,,,,
1234,,,,,,,,,,,,,,,,,,,,,,,,,,,,,,,,
1235,,,,,,,,,,,,,,,,,,,,,,,,,,,,,,,,
1236,,,,,,,,,,,,,,,,,,,,,,,,,,,,,,,,
1237,,,,,,,,,,,,,,,,,,,,,,,,,,,,,,,,
1238,,,,,,,,,,,,,,,,,,,,,,,,,,,,,,,,
1239,,,,,,,,,,,,,,,,,,,,,,,,,,,,,,,,
1240,,,,,,,,,,,,,,,,,,,,,,,,,,,,,,,,
1241,,,,,,,,,,,,,,,,,,,,,,,,,,,,,,,,
1242,,,,,,,,,,,,,,,,,,,,,,,,,,,,,,,,
1243,,,,,,,,,,,,,,,,,,,,,,,,,,,,,,,,
1244,,,,,,,,,,,,,,,,,,,,,,,,,,,,,,,,
1245,,,,,,,,,,,,,,,,,,,,,,,,,,,,,,,,
1246,,,,,,,,,,,,,,,,,,,,,,,,,,,,,,,,
1247,,,,,,,,,,,,,,,,,,,,,,,,,,,,,,,,
1248,,,,,,,,,,,,,,,,,,,,,,,,,,,,,,,,
1249,,,,,,,,,,,,,,,,,,,,,,,,,,,,,,,,
1250,,,,,,,,,,,,,,,,,,,,,,,,,,,,,,,,
1251,,,,,,,,,,,,,,,,,,,,,,,,,,,,,,,,
1252,,,,,,,,,,,,,,,,,,,,,,,,,,,,,,,,
1253,,,,,,,,,,,,,,,,,,,,,,,,,,,,,,,,
1254,,,,,,,,,,,,,,,,,,,,,,,,,,,,,,,,
1255,,,,,,,,,,,,,,,,,,,,,,,,,,,,,,,,
1256,,,,,,,,,,,,,,,,,,,,,,,,,,,,,,,,
1257,,,,,,,,,,,,,,,,,,,,,,,,,,,,,,,,
1258,,,,,,,,,,,,,,,,,,,,,,,,,,,,,,,,
1259,,,,,,,,,,,,,,,,,,,,,,,,,,,,,,,,
1260,,,,,,,,,,,,,,,,,,,,,,,,,,,,,,,,
1261,,,,,,,,,,,,,,,,,,,,,,,,,,,,,,,,
1262,,,,,,,,,,,,,,,,,,,,,,,,,,,,,,,,
1263,,,,,,,,,,,,,,,,,,,,,,,,,,,,,,,,
1264,,,,,,,,,,,,,,,,,,,,,,,,,,,,,,,,
1265,,,,,,,,,,,,,,,,,,,,,,,,,,,,,,,,
1266,,,,,,,,,,,,,,,,,,,,,,,,,,,,,,,,
1267,,,,,,,,,,,,,,,,,,,,,,,,,,,,,,,,
1268,,,,,,,,,,,,,,,,,,,,,,,,,,,,,,,,
1269,,,,,,,,,,,,,,,,,,,,,,,,,,,,,,,,
1270,,,,,,,,,,,,,,,,,,,,,,,,,,,,,,,,
1271,,,,,,,,,,,,,,,,,,,,,,,,,,,,,,,,
1272,,,,,,,,,,,,,,,,,,,,,,,,,,,,,,,,
1273,,,,,,,,,,,,,,,,,,,,,,,,,,,,,,,,
1274,,,,,,,,,,,,,,,,,,,,,,,,,,,,,,,,
1275,,,,,,,,,,,,,,,,,,,,,,,,,,,,,,,,
1276,,,,,,,,,,,,,,,,,,,,,,,,,,,,,,,,
1277,,,,,,,,,,,,,,,,,,,,,,,,,,,,,,,,
1278,,,,,,,,,,,,,,,,,,,,,,,,,,,,,,,,
1279,,,,,,,,,,,,,,,,,,,,,,,,,,,,,,,,
1280,,,,,,,,,,,,,,,,,,,,,,,,,,,,,,,,
1281,,,,,,,,,,,,,,,,,,,,,,,,,,,,,,,,
1282,,,,,,,,,,,,,,,,,,,,,,,,,,,,,,,,
1283,,,,,,,,,,,,,,,,,,,,,,,,,,,,,,,,
1284,,,,,,,,,,,,,,,,,,,,,,,,,,,,,,,,
1285,,,,,,,,,,,,,,,,,,,,,,,,,,,,,,,,
1286,,,,,,,,,,,,,,,,,,,,,,,,,,,,,,,,
1287,,,,,,,,,,,,,,,,,,,,,,,,,,,,,,,,
1288,,,,,,,,,,,,,,,,,,,,,,,,,,,,,,,,
1289,,,,,,,,,,,,,,,,,,,,,,,,,,,,,,,,
1290,,,,,,,,,,,,,,,,,,,,,,,,,,,,,,,,
1291,,,,,,,,,,,,,,,,,,,,,,,,,,,,,,,,
1292,,,,,,,,,,,,,,,,,,,,,,,,,,,,,,,,
1293,,,,,,,,,,,,,,,,,,,,,,,,,,,,,,,,
1294,,,,,,,,,,,,,,,,,,,,,,,,,,,,,,,,
1295,,,,,,,,,,,,,,,,,,,,,,,,,,,,,,,,
1296,,,,,,,,,,,,,,,,,,,,,,,,,,,,,,,,
1297,,,,,,,,,,,,,,,,,,,,,,,,,,,,,,,,
1298,,,,,,,,,,,,,,,,,,,,,,,,,,,,,,,,
1299,,,,,,,,,,,,,,,,,,,,,,,,,,,,,,,,
1300,,,,,,,,,,,,,,,,,,,,,,,,,,,,,,,,
1301,,,,,,,,,,,,,,,,,,,,,,,,,,,,,,,,
1302,,,,,,,,,,,,,,,,,,,,,,,,,,,,,,,,
1303,,,,,,,,,,,,,,,,,,,,,,,,,,,,,,,,
1304,,,,,,,,,,,,,,,,,,,,,,,,,,,,,,,,
1305,,,,,,,,,,,,,,,,,,,,,,,,,,,,,,,,
1306,,,,,,,,,,,,,,,,,,,,,,,,,,,,,,,,
1307,,,,,,,,,,,,,,,,,,,,,,,,,,,,,,,,
1308,,,,,,,,,,,,,,,,,,,,,,,,,,,,,,,,
1309,,,,,,,,,,,,,,,,,,,,,,,,,,,,,,,,
1310,,,,,,,,,,,,,,,,,,,,,,,,,,,,,,,,
1311,,,,,,,,,,,,,,,,,,,,,,,,,,,,,,,,
1312,,,,,,,,,,,,,,,,,,,,,,,,,,,,,,,,
1313,,,,,,,,,,,,,,,,,,,,,,,,,,,,,,,,
1314,,,,,,,,,,,,,,,,,,,,,,,,,,,,,,,,
1315,,,,,,,,,,,,,,,,,,,,,,,,,,,,,,,,
1316,,,,,,,,,,,,,,,,,,,,,,,,,,,,,,,,
1317,,,,,,,,,,,,,,,,,,,,,,,,,,,,,,,,
1318,,,,,,,,,,,,,,,,,,,,,,,,,,,,,,,,
1319,,,,,,,,,,,,,,,,,,,,,,,,,,,,,,,,
1320,,,,,,,,,,,,,,,,,,,,,,,,,,,,,,,,
1321,,,,,,,,,,,,,,,,,,,,,,,,,,,,,,,,
1322,,,,,,,,,,,,,,,,,,,,,,,,,,,,,,,,
1323,,,,,,,,,,,,,,,,,,,,,,,,,,,,,,,,
1324,,,,,,,,,,,,,,,,,,,,,,,,,,,,,,,,
1325,,,,,,,,,,,,,,,,,,,,,,,,,,,,,,,,
1326,,,,,,,,,,,,,,,,,,,,,,,,,,,,,,,,
1327,,,,,,,,,,,,,,,,,,,,,,,,,,,,,,,,
1328,,,,,,,,,,,,,,,,,,,,,,,,,,,,,,,,
1329,,,,,,,,,,,,,,,,,,,,,,,,,,,,,,,,
1330,,,,,,,,,,,,,,,,,,,,,,,,,,,,,,,,
1331,,,,,,,,,,,,,,,,,,,,,,,,,,,,,,,,
1332,,,,,,,,,,,,,,,,,,,,,,,,,,,,,,,,
1333,,,,,,,,,,,,,,,,,,,,,,,,,,,,,,,,
1334,,,,,,,,,,,,,,,,,,,,,,,,,,,,,,,,
1335,,,,,,,,,,,,,,,,,,,,,,,,,,,,,,,,
1336,,,,,,,,,,,,,,,,,,,,,,,,,,,,,,,,
1337,,,,,,,,,,,,,,,,,,,,,,,,,,,,,,,,
1338,,,,,,,,,,,,,,,,,,,,,,,,,,,,,,,,
1339,,,,,,,,,,,,,,,,,,,,,,,,,,,,,,,,
1340,,,,,,,,,,,,,,,,,,,,,,,,,,,,,,,,
1341,,,,,,,,,,,,,,,,,,,,,,,,,,,,,,,,
1342,,,,,,,,,,,,,,,,,,,,,,,,,,,,,,,,
1343,,,,,,,,,,,,,,,,,,,,,,,,,,,,,,,,
1344,,,,,,,,,,,,,,,,,,,,,,,,,,,,,,,,
1345,,,,,,,,,,,,,,,,,,,,,,,,,,,,,,,,
1346,,,,,,,,,,,,,,,,,,,,,,,,,,,,,,,,
1347,,,,,,,,,,,,,,,,,,,,,,,,,,,,,,,,
1348,,,,,,,,,,,,,,,,,,,,,,,,,,,,,,,,
1349,,,,,,,,,,,,,,,,,,,,,,,,,,,,,,,,
1350,,,,,,,,,,,,,,,,,,,,,,,,,,,,,,,,
1351,,,,,,,,,,,,,,,,,,,,,,,,,,,,,,,,
1352,,,,,,,,,,,,,,,,,,,,,,,,,,,,,,,,
1353,,,,,,,,,,,,,,,,,,,,,,,,,,,,,,,,
1354,,,,,,,,,,,,,,,,,,,,,,,,,,,,,,,,
1355,,,,,,,,,,,,,,,,,,,,,,,,,,,,,,,,
1356,,,,,,,,,,,,,,,,,,,,,,,,,,,,,,,,
1357,,,,,,,,,,,,,,,,,,,,,,,,,,,,,,,,
1358,,,,,,,,,,,,,,,,,,,,,,,,,,,,,,,,
1359,,,,,,,,,,,,,,,,,,,,,,,,,,,,,,,,
1360,,,,,,,,,,,,,,,,,,,,,,,,,,,,,,,,
1361,,,,,,,,,,,,,,,,,,,,,,,,,,,,,,,,
1362,,,,,,,,,,,,,,,,,,,,,,,,,,,,,,,,
1363,,,,,,,,,,,,,,,,,,,,,,,,,,,,,,,,
1364,,,,,,,,,,,,,,,,,,,,,,,,,,,,,,,,
1365,,,,,,,,,,,,,,,,,,,,,,,,,,,,,,,,
1366,,,,,,,,,,,,,,,,,,,,,,,,,,,,,,,,
1367,,,,,,,,,,,,,,,,,,,,,,,,,,,,,,,,
1368,,,,,,,,,,,,,,,,,,,,,,,,,,,,,,,,
1369,,,,,,,,,,,,,,,,,,,,,,,,,,,,,,,,
1370,,,,,,,,,,,,,,,,,,,,,,,,,,,,,,,,
1371,,,,,,,,,,,,,,,,,,,,,,,,,,,,,,,,
1372,,,,,,,,,,,,,,,,,,,,,,,,,,,,,,,,
1373,,,,,,,,,,,,,,,,,,,,,,,,,,,,,,,,
1374,,,,,,,,,,,,,,,,,,,,,,,,,,,,,,,,
1375,,,,,,,,,,,,,,,,,,,,,,,,,,,,,,,,
1376,,,,,,,,,,,,,,,,,,,,,,,,,,,,,,,,
1377,,,,,,,,,,,,,,,,,,,,,,,,,,,,,,,,
1378,,,,,,,,,,,,,,,,,,,,,,,,,,,,,,,,
1379,,,,,,,,,,,,,,,,,,,,,,,,,,,,,,,,
1380,,,,,,,,,,,,,,,,,,,,,,,,,,,,,,,,
1381,,,,,,,,,,,,,,,,,,,,,,,,,,,,,,,,
1382,,,,,,,,,,,,,,,,,,,,,,,,,,,,,,,,
1383,,,,,,,,,,,,,,,,,,,,,,,,,,,,,,,,
1384,,,,,,,,,,,,,,,,,,,,,,,,,,,,,,,,
1385,,,,,,,,,,,,,,,,,,,,,,,,,,,,,,,,
1386,,,,,,,,,,,,,,,,,,,,,,,,,,,,,,,,
1387,,,,,,,,,,,,,,,,,,,,,,,,,,,,,,,,
1388,,,,,,,,,,,,,,,,,,,,,,,,,,,,,,,,
1389,,,,,,,,,,,,,,,,,,,,,,,,,,,,,,,,
1390,,,,,,,,,,,,,,,,,,,,,,,,,,,,,,,,
1391,,,,,,,,,,,,,,,,,,,,,,,,,,,,,,,,
1392,,,,,,,,,,,,,,,,,,,,,,,,,,,,,,,,
1393,,,,,,,,,,,,,,,,,,,,,,,,,,,,,,,,
1394,,,,,,,,,,,,,,,,,,,,,,,,,,,,,,,,
1395,,,,,,,,,,,,,,,,,,,,,,,,,,,,,,,,
1396,,,,,,,,,,,,,,,,,,,,,,,,,,,,,,,,
1397,,,,,,,,,,,,,,,,,,,,,,,,,,,,,,,,
1398,,,,,,,,,,,,,,,,,,,,,,,,,,,,,,,,
1399,,,,,,,,,,,,,,,,,,,,,,,,,,,,,,,,
1400,,,,,,,,,,,,,,,,,,,,,,,,,,,,,,,,
1401,,,,,,,,,,,,,,,,,,,,,,,,,,,,,,,,
1402,,,,,,,,,,,,,,,,,,,,,,,,,,,,,,,,
1403,,,,,,,,,,,,,,,,,,,,,,,,,,,,,,,,
1404,,,,,,,,,,,,,,,,,,,,,,,,,,,,,,,,
1405,,,,,,,,,,,,,,,,,,,,,,,,,,,,,,,,
1406,,,,,,,,,,,,,,,,,,,,,,,,,,,,,,,,
1407,,,,,,,,,,,,,,,,,,,,,,,,,,,,,,,,
1408,,,,,,,,,,,,,,,,,,,,,,,,,,,,,,,,
1409,,,,,,,,,,,,,,,,,,,,,,,,,,,,,,,,
1410,,,,,,,,,,,,,,,,,,,,,,,,,,,,,,,,
1411,,,,,,,,,,,,,,,,,,,,,,,,,,,,,,,,
1412,,,,,,,,,,,,,,,,,,,,,,,,,,,,,,,,
1413,,,,,,,,,,,,,,,,,,,,,,,,,,,,,,,,
1414,,,,,,,,,,,,,,,,,,,,,,,,,,,,,,,,
1415,,,,,,,,,,,,,,,,,,,,,,,,,,,,,,,,
1416,,,,,,,,,,,,,,,,,,,,,,,,,,,,,,,,
1417,,,,,,,,,,,,,,,,,,,,,,,,,,,,,,,,
1418,,,,,,,,,,,,,,,,,,,,,,,,,,,,,,,,
1419,,,,,,,,,,,,,,,,,,,,,,,,,,,,,,,,
1420,,,,,,,,,,,,,,,,,,,,,,,,,,,,,,,,
1421,,,,,,,,,,,,,,,,,,,,,,,,,,,,,,,,
1422,,,,,,,,,,,,,,,,,,,,,,,,,,,,,,,,
1423,,,,,,,,,,,,,,,,,,,,,,,,,,,,,,,,
1424,,,,,,,,,,,,,,,,,,,,,,,,,,,,,,,,
1425,,,,,,,,,,,,,,,,,,,,,,,,,,,,,,,,
1426,,,,,,,,,,,,,,,,,,,,,,,,,,,,,,,,
1427,,,,,,,,,,,,,,,,,,,,,,,,,,,,,,,,
1428,,,,,,,,,,,,,,,,,,,,,,,,,,,,,,,,
1429,,,,,,,,,,,,,,,,,,,,,,,,,,,,,,,,
1430,,,,,,,,,,,,,,,,,,,,,,,,,,,,,,,,
1431,,,,,,,,,,,,,,,,,,,,,,,,,,,,,,,,
1432,,,,,,,,,,,,,,,,,,,,,,,,,,,,,,,,
1433,,,,,,,,,,,,,,,,,,,,,,,,,,,,,,,,
1434,,,,,,,,,,,,,,,,,,,,,,,,,,,,,,,,
1435,,,,,,,,,,,,,,,,,,,,,,,,,,,,,,,,
1436,,,,,,,,,,,,,,,,,,,,,,,,,,,,,,,,
1437,,,,,,,,,,,,,,,,,,,,,,,,,,,,,,,,
1438,,,,,,,,,,,,,,,,,,,,,,,,,,,,,,,,
1439,,,,,,,,,,,,,,,,,,,,,,,,,,,,,,,,
